COMPLAINT_NO,ADDRESS,RECORD_DATE,ACTION_TAKEN,STATUS,ASSIGNED,DESCRIPTION,x,y,latitude,longitude,TAXPINNO
HOU2024-21925,317 GROVE AVE,11/7/2024,WARNING NOTICE,ACTIVE,PES01,OUTDOOR STORAGE,1498308.995815,652905.992609,39.780649,-84.173234,R72 05211 0034
HOU2024-21926,1512 WALTERS ST,11/7/2024,WARNING NOTICE,OPEN,PES01,OUTDOOR STORAGE,1498190.998019,653051.007411,39.781053,-84.173575,R72 05211 0058
HOU2024-21929,329 GROVE AVE,11/7/2024,WARNING NOTICE,OPEN,PES01,VEHICLE - ABANDONED/JUNKED/INOP,1498306.996803,653013.996002,39.780936,-84.173205,R72 05211 0031
HOU2024-21930,405 GROVE AVE,11/7/2024,WARNING NOTICE,OPEN,PES01,OUTDOOR STORAGE,1498327.001684,653158.994400,39.781357,-84.173162,R72 05211 0028
HOU2024-21933,419 GROVE AVE,11/7/2024,WARNING NOTICE,OPEN,PES01,GRASS COMPLAINTS,1498334.997075,653276.991867,39.781707,-84.173126,R72 05211 0068
HOU2024-21936,427 GROVE AVE,11/7/2024,WARNING NOTICE,ACTIVE,PES01,VEHICLE - OTHER,1498338.994771,653321.998995,39.781754,-84.173122,R72 05211 0024
HOU2024-21940,924 TROY ST,11/7/2024,WARNING NOTICE,OPEN,PES01,OUTDOOR STORAGE,1498132.998792,653341.004206,39.781849,-84.173619,R72 05211 0042
HOU2024-21942,934 TROY ST,11/7/2024,WARNING NOTICE,OPEN,PES01,TRASH IN YARD OR NEAR ALLEY,1498147.007294,653415.993886,39.782029,-84.173600,R72 05211 0062
HOU2024-21952,1837 VALLEY ST,11/7/2024,CORRESPONDENCE /PHONE/EMAIL/IN,CLOSED,PES01,ELECTRIC - NONE,1504334.998199,654354.993648,39.785018,-84.151799,R72 16711 0004
HOU2024-21965,141 BALTIMORE ST,11/8/2024,CITATION,OPEN,PES01,OUTDOOR STORAGE,1498902.997580,652324.999677,39.779070,-84.171038,R72 05207 0027
HOU2024-21967,241 DEEDS AVE APT/UNIT 1,11/8/2024,CORRESPONDENCE /PHONE/EMAIL/IN,CLOSED,PES01,ROACH INFESTATION,1497106.999859,650738.995631,,,
HOU2024-21967,241 DEEDS AVE APT/UNIT 1,11/8/2024,CORRESPONDENCE /PHONE/EMAIL/IN,CLOSED,PES01,ROACH INFESTATION,1497106.999859,650738.995631,,,
HOU2024-21967,241 DEEDS AVE APT/UNIT 1,11/8/2024,CORRESPONDENCE /PHONE/EMAIL/IN,CLOSED,PES01,ROACH INFESTATION,1497106.999859,650738.995631,,,
HOU2024-21967,241 DEEDS AVE APT/UNIT 1,11/8/2024,CORRESPONDENCE /PHONE/EMAIL/IN,CLOSED,PES01,ROACH INFESTATION,1497106.999859,650738.995631,,,
HOU2024-21967,241 DEEDS AVE APT/UNIT 1,11/8/2024,CORRESPONDENCE /PHONE/EMAIL/IN,CLOSED,PES01,ROACH INFESTATION,1497106.999859,650738.995631,,,
HOU2024-21970,7 GROVE AVE,11/8/2024,CORRESPONDENCE /PHONE/EMAIL/IN,CLOSED,PES01,"FENCE CONSTRUCTION, DAMAGED OR DETERIORA...",1498170.993466,650823.995789,39.774915,-84.173545,R72 05301 0119
HOU2024-21970,7 GROVE AVE,11/8/2024,CORRESPONDENCE /PHONE/EMAIL/IN,CLOSED,PES01,"FENCE CONSTRUCTION, DAMAGED OR DETERIORA...",1498170.993466,650823.995789,39.774915,-84.173545,R72 05301 0119
HOU2024-21970,7 GROVE AVE,11/8/2024,CORRESPONDENCE /PHONE/EMAIL/IN,CLOSED,PES01,"FENCE CONSTRUCTION, DAMAGED OR DETERIORA...",1498170.993466,650823.995789,39.774915,-84.173545,R72 05301 0119
HOU2024-22077,634 TROY ST,11/11/2024,WARNING NOTICE,CLOSED,PES01,OUTDOOR STORAGE,1498001.992492,651895.001521,39.777876,-84.174025,R72 05209 0006
HOU2024-22131,531 BALTIMORE ST,11/11/2024,WARNING NOTICE,CLOSED,PES01,VEHICLE - PARKING IN THE YARD,1499047.995977,654084.002392,39.783918,-84.170637,R72 05709 0046
HOU2024-22133,1 URBANA AVE,11/11/2024,WARNING NOTICE,CLOSED,PES01,OUTDOOR STORAGE,1501834.996309,653677.007471,39.782992,-84.160786,R72 05001 0040
HOU2024-22135,917 TROY ST,11/11/2024,LEGAL ORDER,OPEN,PES01,EXTERIOR STRUCTURE PROBLEMS/DETERIORATED,1497991.998089,653133.992481,39.781259,-84.174330,R72 05204 0140
HOU2024-22167,203 ALASKA ST,11/12/2024,DUPLICATE/PRIOR NOTICE,CLOSED,PES01,HOUSE STRUCTURE DETERIORATED,1499506.993747,651931.996854,39.778108,-84.168824,R72 05205 0017
HOU2024-22168,115 ALASKA ST,11/12/2024,DUPLICATE/PRIOR NOTICE,CLOSED,PES01,DUMPING,1499466.001047,651569.992328,39.777042,-84.168964,R72 05205 0027
HOU2024-22169,123 ALASKA ST,11/12/2024,BOARDING REQUESTED,OPEN,PES01,HOUSE STRUCTURE DETERIORATED,1499485.006586,651641.000389,39.777230,-84.168945,R72 05205 0025
HOU2024-22170,310 ALASKA ST,11/12/2024,NOT VALID,CLOSED,PES01,HOUSE STRUCTURE DETERIORATED,1499714.005800,652714.005132,39.780178,-84.168039,R72 05212 0026
HOU2024-22186,1837 VALLEY ST,11/12/2024,RECHECK,OPEN,PES01,REQUESTING REINSPECTION,1504334.998199,654354.993648,39.785018,-84.151799,R72 16711 0004
HOU2024-22192,70 ALASKA ST,11/12/2024,CORRESPONDENCE /PHONE/EMAIL/IN,CLOSED,PES01,PLUMBING PROBLEMS,1499558.996596,651395.993989,39.776554,-84.168420,R72 05308 0050
HOU2024-22279,126 KELLY AVE APT/UNIT 1,11/13/2024,CORRESPONDENCE /PHONE/EMAIL/IN,CLOSED,PES01,HOUSING INSPECTION GENERAL INFORMATION,1499787.995810,655527.006724,,,
HOU2024-22279,126 KELLY AVE APT/UNIT 1,11/13/2024,CORRESPONDENCE /PHONE/EMAIL/IN,CLOSED,PES01,HOUSING INSPECTION GENERAL INFORMATION,1499787.995810,655527.006724,,,
HOU2024-22279,126 KELLY AVE APT/UNIT 1,11/13/2024,CORRESPONDENCE /PHONE/EMAIL/IN,CLOSED,PES01,HOUSING INSPECTION GENERAL INFORMATION,1499787.995810,655527.006724,,,
HOU2024-22279,126 KELLY AVE APT/UNIT 1,11/13/2024,CORRESPONDENCE /PHONE/EMAIL/IN,CLOSED,PES01,HOUSING INSPECTION GENERAL INFORMATION,1499787.995810,655527.006724,,,
HOU2024-22282,215 EDMUND ST,11/13/2024,CORRESPONDENCE /PHONE/EMAIL/IN,CLOSED,PES01,HOUSING INSPECTION GENERAL INFORMATION,1497766.996571,652184.998316,39.778632,-84.175034,R72 05201 0016
HOU2024-22292,241 DEEDS AVE APT/UNIT 1,11/13/2024,CORRESPONDENCE /PHONE/EMAIL/IN,OPEN,PES01,RODENTS INSECTS,1497106.999859,650738.995631,,,
HOU2024-22292,241 DEEDS AVE APT/UNIT 1,11/13/2024,CORRESPONDENCE /PHONE/EMAIL/IN,OPEN,PES01,RODENTS INSECTS,1497106.999859,650738.995631,,,
HOU2024-22292,241 DEEDS AVE APT/UNIT 1,11/13/2024,CORRESPONDENCE /PHONE/EMAIL/IN,OPEN,PES01,RODENTS INSECTS,1497106.999859,650738.995631,,,
HOU2024-22292,241 DEEDS AVE APT/UNIT 1,11/13/2024,CORRESPONDENCE /PHONE/EMAIL/IN,OPEN,PES01,RODENTS INSECTS,1497106.999859,650738.995631,,,
HOU2024-22292,241 DEEDS AVE APT/UNIT 1,11/13/2024,CORRESPONDENCE /PHONE/EMAIL/IN,OPEN,PES01,RODENTS INSECTS,1497106.999859,650738.995631,,,
HOU2024-22336,428 HART ST,11/14/2024,DUPLICATE/PRIOR NOTICE,CLOSED,PES01,TRASH IN YARD OR NEAR ALLEY,1498176.006908,650987.000384,39.775381,-84.173412,R72 05301 0097
HOU2024-22339,203 ALASKA ST,11/14/2024,DUPLICATE/PRIOR NOTICE,CLOSED,PES01,TRASH IN YARD OR NEAR ALLEY,1499506.993747,651931.996854,39.778108,-84.168824,R72 05205 0017
HOU2024-22340,304 ALASKA ST,11/14/2024,DUPLICATE/PRIOR NOTICE,CLOSED,PES01,EXTERIOR STRUCTURE PROBLEMS/DETERIORATED,1499710.008105,652677.993065,39.780082,-84.168048,R72 05212 0027
HOU2024-22355,144 NOTRE DAME AVE,11/14/2024,NOT VALID,CLOSED,PES01,OUTDOOR STORAGE,1498699.000612,652362.994351,39.779192,-84.171558,R72 05207 0009
HOU2024-22364,158 BALTIMORE ST,11/14/2024,LEGAL ORDER,OPEN,PES01,EXTERIOR STRUCTURE PROBLEMS/DETERIORATED,1499045.997294,652448.993851,39.779409,-84.170359,R72 05207 0041
HOU2024-22366,155 BALTIMORE ST,11/14/2024,WARNING NOTICE,CLOSED,PES01,TRASH/DEBRIS ON PREMISES,1498917.006082,652422.992263,39.779350,-84.171010,R72 05207 0024
HOU2024-22374,241 DEEDS AVE APT/UNIT 1,11/14/2024,TEAMED,OPEN,PES01,ILLEGAL OCCUPANCY,1497106.999859,650738.995631,,,
HOU2024-22374,241 DEEDS AVE APT/UNIT 1,11/14/2024,TEAMED,OPEN,PES01,ILLEGAL OCCUPANCY,1497106.999859,650738.995631,,,
HOU2024-22374,241 DEEDS AVE APT/UNIT 1,11/14/2024,TEAMED,OPEN,PES01,ILLEGAL OCCUPANCY,1497106.999859,650738.995631,,,
HOU2024-22374,241 DEEDS AVE APT/UNIT 1,11/14/2024,TEAMED,OPEN,PES01,ILLEGAL OCCUPANCY,1497106.999859,650738.995631,,,
HOU2024-22374,241 DEEDS AVE APT/UNIT 1,11/14/2024,TEAMED,OPEN,PES01,ILLEGAL OCCUPANCY,1497106.999859,650738.995631,,,
HOU2024-22376,243 DEEDS AVE,11/14/2024,CORRESPONDENCE /PHONE/EMAIL/IN,CLOSED,PES01,ELECTRICAL PROBLEMS,1497108.998871,650766.995903,39.774727,-84.177345,R72 05410 0009
HOU2024-22378,241 DEEDS AVE APT/UNIT 1,11/14/2024,CORRESPONDENCE /PHONE/EMAIL/IN,CLOSED,PES01,WATER PROBLEMS,1497106.999859,650738.995631,,,
HOU2024-22378,241 DEEDS AVE APT/UNIT 1,11/14/2024,CORRESPONDENCE /PHONE/EMAIL/IN,CLOSED,PES01,WATER PROBLEMS,1497106.999859,650738.995631,,,
HOU2024-22378,241 DEEDS AVE APT/UNIT 1,11/14/2024,CORRESPONDENCE /PHONE/EMAIL/IN,CLOSED,PES01,WATER PROBLEMS,1497106.999859,650738.995631,,,
HOU2024-22378,241 DEEDS AVE APT/UNIT 1,11/14/2024,CORRESPONDENCE /PHONE/EMAIL/IN,CLOSED,PES01,WATER PROBLEMS,1497106.999859,650738.995631,,,
HOU2024-22378,241 DEEDS AVE APT/UNIT 1,11/14/2024,CORRESPONDENCE /PHONE/EMAIL/IN,CLOSED,PES01,WATER PROBLEMS,1497106.999859,650738.995631,,,
HOU2024-22395,1225 SAINT ADALBERT AVE,11/15/2024,WARNING NOTICE,CLOSED,PES01,OUTDOOR STORAGE,1502714.997502,654306.005557,39.784624,-84.157597,R72 16710 0014
HOU2024-22396,1229 SAINT ADALBERT AVE,11/15/2024,WARNING NOTICE,EXTENSION GRANTED,PES01,OUTDOOR STORAGE,1502700.006062,654341.001878,39.784782,-84.157684,R72 16710 0012
HOU2024-22397,1316 SAINT ADALBERT AVE,11/15/2024,WARNING NOTICE,CLOSED,PES01,OUTDOOR STORAGE,1502645.004859,654672.007778,39.785752,-84.157521,R72 16710 0047
HOU2024-22408,209 DEEDS AVE,11/15/2024,WARNING NOTICE,CLOSED,PES01,PARKING IN THE GRASS,1497080.998599,650453.062148,39.773888,-84.177440,R72 05404 0011
HOU2024-22411,316 ALASKA ST,11/15/2024,CITATION,OPEN,PES01,OUTDOOR STORAGE,1499718.003496,652776.002056,39.780369,-84.168021,R72 05212 0024
HOU2024-22416,58 BALTIMORE ST,11/15/2024,CORRESPONDENCE /PHONE/EMAIL/IN,CLOSED,PES01,HOUSING INSPECTION GENERAL INFORMATION,1498956.999440,651560.997268,39.776977,-84.170607,R72 05208 0044
HOU2024-22438,55 BRANDT ST,11/15/2024,CORRESPONDENCE /PHONE/EMAIL/IN,CLOSED,PES01,HOUSING INSPECTION GENERAL INFORMATION,1500793.006595,652552.999549,39.779929,-84.164393,R72 05102 0022
HOU2024-22439,166 GROVE AVE,11/15/2024,CORRESPONDENCE /PHONE/EMAIL/IN,CLOSED,PES01,HOUSING INSPECTION GENERAL INFORMATION,1498303.998778,651682.992759,39.777262,-84.172939,R72 05209 0041
HOU2024-22443,614 TROY ST,11/15/2024,CORRESPONDENCE /PHONE/EMAIL/IN,CLOSED,PES01,HOUSING INSPECTION GENERAL INFORMATION,1497979.005661,651737.993633,39.777423,-84.174072,R72 05209 0011
HOU2024-22444,614 TROY ST,11/15/2024,AUTHORIZATION TO ENTER,CLOSED,PES01,HOUSING INSPECTION GENERAL INFORMATION,1497979.005661,651737.993633,39.777423,-84.174072,R72 05209 0011
HOU2024-22449,203 ALASKA ST,11/15/2024,CORRESPONDENCE /PHONE/EMAIL/IN,CLOSED,PES01,HOUSING INSPECTION GENERAL INFORMATION,1499506.993747,651931.996854,39.778108,-84.168824,R72 05205 0017
HOU2024-22450,136 ALTON AVE,11/15/2024,LEGAL ORDER,OPEN,PES01,EXTERIOR STRUCTURE PROBLEMS/DETERIORATED,1499240.999528,651298.001403,39.776235,-84.169543,R72 05308 0023
HOU2024-22512,203 ALASKA ST,11/18/2024,WARNING NOTICE,CLOSED,PES01,OUTDOOR STORAGE,1499506.993747,651931.996854,39.778108,-84.168824,R72 05205 0017
HOU2024-22513,104 NOTRE DAME AVE,11/18/2024,WARNING NOTICE,CLOSED,PES01,OUTDOOR STORAGE,1498667.002645,652037.001893,39.778261,-84.171651,R72 05208 0002
HOU2024-22517,136 NOTRE DAME AVE,11/18/2024,WARNING NOTICE,CLOSED,PES01,OUTDOOR STORAGE,1498692.004563,652300.997100,39.779006,-84.171576,R72 05207 0011
HOU2024-22518,152 NOTRE DAME AVE,11/18/2024,WARNING NOTICE,CLOSED,PES01,OUTDOOR STORAGE,1498699.000612,652433.003070,39.779378,-84.171539,R72 05207 0007
HOU2024-22519,166 NOTRE DAME AVE,11/18/2024,WARNING NOTICE,CLOSED,PES01,OUTDOOR STORAGE,1498716.007140,652539.007451,39.779658,-84.171511,R72 05207 0004
HOU2024-22520,170 NOTRE DAME AVE,11/18/2024,WARNING NOTICE,CLOSED,PES01,OUTDOOR STORAGE,1498720.004835,652578.001467,39.779751,-84.171501,R72 05207 0003
HOU2024-22536,,11/18/2024,RECHECK,ACTIVE,LAU02,HOUSE STRUCTURE DETERIORATED,1499980.000019,656119.992743,,,
HOU2024-22544,166 GROVE AVE,11/18/2024,DUPLICATE/PRIOR NOTICE,CLOSED,PES01,DUMPING,1498303.998778,651682.992759,39.777262,-84.172939,R72 05209 0041
HOU2024-22564,172 NOTRE DAME AVE,11/19/2024,WARNING NOTICE,CLOSED,PES01,OUTDOOR STORAGE,1498722.003519,652602.004044,39.779844,-84.171492,R72 05207 0002
HOU2024-22565,204 NOTRE DAME AVE,11/19/2024,WARNING NOTICE,CLOSED,PES01,OUTDOOR STORAGE,1498745.006754,652759.994870,39.780264,-84.171449,R72 05214 0041
HOU2024-22578,260 ALASKA ST,11/19/2024,NOT VALID,CLOSED,PES01,OVERFLOWING TRASH CAN DUMPSTER,1499691.002565,652425.007679,39.779380,-84.168055,R72 05206 0041
HOU2024-22579,240 ALASKA ST,11/19/2024,WARNING NOTICE,CLOSED,PES01,TRASH IN YARD OR NEAR ALLEY,1499671.997026,652255.007363,39.778914,-84.168101,R72 05206 0046
HOU2024-22583,236 ALASKA ST,11/19/2024,WARNING NOTICE,CLOSED,PES01,TRASH IN YARD OR NEAR ALLEY,1499663.002293,652216.996284,39.778821,-84.168110,R72 05206 0047
HOU2024-22588,212 NOTRE DAME AVE,11/19/2024,WARNING NOTICE,CLOSED,PES01,OUTDOOR STORAGE,1498754.001487,652835.000953,39.780456,-84.171430,R72 05214 0039
HOU2024-22593,213 BALTIMORE ST,11/19/2024,WARNING NOTICE,CLOSED,PES01,OUTDOOR STORAGE,1498949.004049,652812.997060,39.780428,-84.170900,R72 05214 0054
HOU2024-22596,225 BALTIMORE ST,11/19/2024,WARNING NOTICE,CLOSED,PES01,OUTDOOR STORAGE,1498964.994831,652918.002100,39.780716,-84.170871,R72 05214 0051
HOU2024-22598,232 NOTRE DAME AVE,11/19/2024,WARNING NOTICE,CLOSED,PES01,OUTDOOR STORAGE,1498768.992926,653002.002916,39.780936,-84.171381,R72 05214 0034
HOU2024-22601,1710 LEO ST,11/19/2024,WARNING NOTICE,CLOSED,PES01,OUTDOOR STORAGE,1498846.997035,653371.003490,39.781901,-84.171204,R72 05214 0007
HOU2024-22602,320 NOTRE DAME AVE,11/19/2024,WARNING NOTICE,CLOSED,PES01,OUTDOOR STORAGE,1498792.995503,653268.996476,39.781662,-84.171307,R72 05214 0028
HOU2024-22614,426 GROVE AVE,11/19/2024,WARNING NOTICE,CLOSED,PES01,OUTDOOR STORAGE,1498459.007654,653297.996418,39.781855,-84.173111,R72 05211 0063
HOU2024-22615,426 TROY ST,11/19/2024,WARNING NOTICE,CLOSED,PES01,OUTDOOR STORAGE,1497914.993322,651008.004607,39.775436,-84.174323,R72 05301 0007
HOU2024-22616,2074 STANVIEW AVE,11/19/2024,WARNING NOTICE,CLOSED,PES01,OUTDOOR STORAGE,1500947.999395,653092.999781,39.781274,-84.163687,R72 05105 0036
HOU2024-22734,241 DEEDS AVE,11/21/2024,EMERGENCY REPAIR,ACTIVE,BAR04,HEATING - NONE,1497106.999859,650738.995631,39.774647,-84.177354,R72 05410 0010
HOU2024-22739,241 DEEDS AVE,11/21/2024,EMERGENCY VACATE,ACTIVE,BAR04,ILLEGAL ROOMING HOUSE,1497106.999859,650738.995631,39.774647,-84.177354,R72 05410 0010
HOU2024-22791,614 TROY ST,11/22/2024,DUPLICATE/PRIOR NOTICE,CLOSED,PES01,HOUSE STRUCTURE DETERIORATED,1497979.005661,651737.993633,39.777423,-84.174072,R72 05209 0011
HOU2024-22879,141 BALTIMORE ST,11/25/2024,RECHECK,CLOSED,PES01,REINSPECTION REQUEST,1498902.997580,652324.999677,39.779070,-84.171038,R72 05207 0027
HOU2024-22899,7 GROVE AVE,11/25/2024,CORRESPONDENCE /PHONE/EMAIL/IN,CLOSED,PES01,HOUSING INSPECTION GENERAL INFORMATION,1498170.993466,650823.995789,39.774915,-84.173545,R72 05301 0119
HOU2024-22899,7 GROVE AVE,11/25/2024,CORRESPONDENCE /PHONE/EMAIL/IN,CLOSED,PES01,HOUSING INSPECTION GENERAL INFORMATION,1498170.993466,650823.995789,39.774915,-84.173545,R72 05301 0119
HOU2024-22899,7 GROVE AVE,11/25/2024,CORRESPONDENCE /PHONE/EMAIL/IN,CLOSED,PES01,HOUSING INSPECTION GENERAL INFORMATION,1498170.993466,650823.995789,39.774915,-84.173545,R72 05301 0119
HOU2024-22933,1414 LAMAR ST,11/26/2024,NEW,ACTIVE,PES01,STRUCTURAL NUISANCE,1497811.004029,652922.999465,39.780615,-84.174841,R72 05204 0124
HOU2024-22934,1410 LAMAR ST,11/26/2024,NEW,ACTIVE,PES01,STRUCTURAL NUISANCE,1497783.003757,652924.998149,39.780621,-84.174957,R72 05204 0123
HOU2024-22943,428 HART ST,11/26/2024,CORRESPONDENCE /PHONE/EMAIL/IN,CLOSED,PES01,HOUSING INSPECTION GENERAL INFORMATION,1498176.006908,650987.000384,39.775381,-84.173412,R72 05301 0097
HOU2024-22944,301 GROVE AVE,11/26/2024,CORRESPONDENCE /PHONE/EMAIL/IN,CLOSED,PES01,HOUSING INSPECTION GENERAL INFORMATION,1498289.007338,652763.992565,39.780265,-84.173273,R72 05211 0038
HOU2024-22944,301 GROVE AVE,11/26/2024,CORRESPONDENCE /PHONE/EMAIL/IN,CLOSED,PES01,HOUSING INSPECTION GENERAL INFORMATION,1498289.007338,652763.992565,39.780265,-84.173273,R72 05211 0038
HOU2024-22944,301 GROVE AVE,11/26/2024,CORRESPONDENCE /PHONE/EMAIL/IN,CLOSED,PES01,HOUSING INSPECTION GENERAL INFORMATION,1498289.007338,652763.992565,39.780265,-84.173273,R72 05211 0038
HOU2024-22949,2022 STAPLETON CT,11/26/2024,CORRESPONDENCE /PHONE/EMAIL/IN,EXTENSION GRANTED,PES01,HOUSING INSPECTION GENERAL INFORMATION,1500175.002253,652102.996512,39.778504,-84.166434,R72 05107 0043
HOU2024-22956,115 ALASKA ST,11/26/2024,CORRESPONDENCE /PHONE/EMAIL/IN,CLOSED,PES01,HOUSING INSPECTION GENERAL INFORMATION,1499466.001047,651569.992328,39.777042,-84.168964,R72 05205 0027
HOU2024-22962,816 TROY ST,11/26/2024,CORRESPONDENCE /PHONE/EMAIL/IN,CLOSED,PES01,HOUSING INSPECTION GENERAL INFORMATION,1498097.003129,652914.004404,39.780676,-84.173739,R72 05211 0053
HOU2024-22963,1125 SAINT ADALBERT AVE,11/26/2024,CORRESPONDENCE /PHONE/EMAIL/IN,CLOSED,PES01,HOUSING INSPECTION GENERAL INFORMATION,1502825.998920,653993.005527,39.783845,-84.157177,R72 16710 0007
HOU2024-22970,211 MARYLAND AVE,11/26/2024,CORRESPONDENCE /PHONE/EMAIL/IN,EXTENSION GRANTED,PES01,HOUSING INSPECTION GENERAL INFORMATION,1497347.992159,649997.996457,39.772624,-84.176444,R72 05407 0025
HOU2024-22984,335 GROVE AVE,11/26/2024,CORRESPONDENCE /PHONE/EMAIL/IN,EXTENSION GRANTED,PES01,HOUSING INSPECTION GENERAL INFORMATION,1498312.993510,653040.996932,39.781032,-84.173195,R72 05211 0030
HOU2024-22998,24 BRIGHTON ST,11/26/2024,CORRESPONDENCE /PHONE/EMAIL/IN,EXTENSION GRANTED,PES01,HOUSING INSPECTION GENERAL INFORMATION,1500572.003100,652709.007767,39.780195,-84.164937,R72 05102 0013
HOU2024-23001,1303 VALLEY ST,11/26/2024,CORRESPONDENCE /PHONE/EMAIL/IN,CLOSED,PES01,HOUSING INSPECTION GENERAL INFORMATION,1502035.995251,653234.000483,39.781789,-84.160036,R72 05002 0023
HOU2024-23003,1837 VALLEY ST,11/26/2024,CORRESPONDENCE /PHONE/EMAIL/IN,CLOSED,PES01,HOUSING INSPECTION GENERAL INFORMATION,1504334.998199,654354.993648,39.785018,-84.151799,R72 16711 0004
HOU2024-23004,152 NOTRE DAME AVE,11/26/2024,CORRESPONDENCE /PHONE/EMAIL/IN,CLOSED,PES01,HOUSING INSPECTION GENERAL INFORMATION,1498699.000612,652433.003070,39.779378,-84.171539,R72 05207 0007
HOU2024-23005,23 LIGHT ST,11/26/2024,CORRESPONDENCE /PHONE/EMAIL/IN,CLOSED,PES01,HOUSING INSPECTION GENERAL INFORMATION,1498002.991834,650083.996285,39.773062,-84.173970,R72 05303 0047
HOU2024-23006,233 NOTRE DAME AVE,11/26/2024,CORRESPONDENCE /PHONE/EMAIL/IN,CLOSED,PES01,HOUSING INSPECTION GENERAL INFORMATION,1498641.001056,653012.996660,39.780970,-84.172030,R72 05214 0019
HOU2024-23010,57 ALASKA ST,11/26/2024,CORRESPONDENCE /PHONE/EMAIL/IN,EXTENSION GRANTED,PES01,HOUSING INSPECTION GENERAL INFORMATION,1499452.992215,651282.993559,39.776211,-84.169076,R72 05308 0024
HOU2024-23016,1229 SAINT ADALBERT AVE,11/26/2024,CORRESPONDENCE /PHONE/EMAIL/IN,CLOSED,PES01,HOUSING INSPECTION GENERAL INFORMATION,1502700.006062,654341.001878,39.784782,-84.157684,R72 16710 0012
HOU2024-23017,104 NOTRE DAME AVE,11/26/2024,CORRESPONDENCE /PHONE/EMAIL/IN,CLOSED,PES01,HOUSING INSPECTION GENERAL INFORMATION,1498667.002645,652037.001893,39.778261,-84.171651,R72 05208 0002
HOU2024-23019,941 TROY ST,11/26/2024,CORRESPONDENCE /PHONE/EMAIL/IN,CLOSED,PES01,HOUSING INSPECTION GENERAL INFORMATION,1498018.999020,653374.001844,39.781914,-84.174263,R72 05204 0134
HOU2024-23021,152 NOTRE DAME AVE,11/26/2024,CORRESPONDENCE /PHONE/EMAIL/IN,CLOSED,PES01,HOUSING INSPECTION GENERAL INFORMATION,1498699.000612,652433.003070,39.779378,-84.171539,R72 05207 0007
HOU2024-23024,28 LIGHT ST,11/26/2024,CORRESPONDENCE /PHONE/EMAIL/IN,EXTENSION GRANTED,PES01,HOUSING INSPECTION GENERAL INFORMATION,1498027.993752,649983.005345,39.772573,-84.173898,R72 05303 0029
HOU2024-23031,2074 STANVIEW AVE,11/27/2024,LEGAL ORDER,EXTENSION GRANTED,PES01,EXTERIOR STRUCTURE PROBLEMS/DETERIORATED,1500947.999395,653092.999781,39.781274,-84.163687,R72 05105 0036
HOU2024-23033,917 TROY ST,11/27/2024,LEGAL ORDER,OPEN,PES01,EXTERIOR STRUCTURE PROBLEMS/DETERIORATED,1497991.998089,653133.992481,39.781259,-84.174330,R72 05204 0140
HOU2024-23078,1239 DEEDS AVE,11/27/2024,DUPLICATE/PRIOR NOTICE,CLOSED,PES01,OUTDOOR STORAGE,1497723.005517,654683.853227,,,
HOU2024-23079,1246 DEEDS AVE,11/27/2024,DUPLICATE/PRIOR NOTICE,CLOSED,PES01,OUTDOOR STORAGE,1497799.993880,654626.001308,39.785332,-84.174908,R72 16708 0054
HOU2024-23103,39 MACREADY AVE,12/2/2024,FOURTH DEGREE,OPEN,PES01,TRASH IN YARD OR NEAR ALLEY,1500013.996670,655148.995013,39.786951,-84.167112,R72 16705 0028
HOU2024-23141,241 DEEDS AVE APT/UNIT 1,12/2/2024,EMERGENCY VACATE,CLOSED,PES01,ILLEGAL OCCUPANCY,1497106.999859,650738.995631,,,
HOU2024-23141,241 DEEDS AVE APT/UNIT 1,12/2/2024,EMERGENCY VACATE,CLOSED,PES01,ILLEGAL OCCUPANCY,1497106.999859,650738.995631,,,
HOU2024-23141,241 DEEDS AVE APT/UNIT 1,12/2/2024,EMERGENCY VACATE,CLOSED,PES01,ILLEGAL OCCUPANCY,1497106.999859,650738.995631,,,
HOU2024-23141,241 DEEDS AVE APT/UNIT 1,12/2/2024,EMERGENCY VACATE,CLOSED,PES01,ILLEGAL OCCUPANCY,1497106.999859,650738.995631,,,
HOU2024-23141,241 DEEDS AVE APT/UNIT 1,12/2/2024,EMERGENCY VACATE,CLOSED,PES01,ILLEGAL OCCUPANCY,1497106.999859,650738.995631,,,
HOU2024-23154,231 DEEDS AVE,12/2/2024,TEAMED,CLOSED,JER01,PARKING IN THE GRASS,1497121.745565,650654.831101,,,
HOU2024-23169,241 DEEDS AVE APT/UNIT 1,12/2/2024,TEAMED,CLOSED,JER01,OCCUPANCY - ILLEGAL,1497106.999859,650738.995631,,,
HOU2024-23169,241 DEEDS AVE APT/UNIT 1,12/2/2024,TEAMED,CLOSED,JER01,OCCUPANCY - ILLEGAL,1497106.999859,650738.995631,,,
HOU2024-23169,241 DEEDS AVE APT/UNIT 1,12/2/2024,TEAMED,CLOSED,JER01,OCCUPANCY - ILLEGAL,1497106.999859,650738.995631,,,
HOU2024-23169,241 DEEDS AVE APT/UNIT 1,12/2/2024,TEAMED,CLOSED,JER01,OCCUPANCY - ILLEGAL,1497106.999859,650738.995631,,,
HOU2024-23169,241 DEEDS AVE APT/UNIT 1,12/2/2024,TEAMED,CLOSED,JER01,OCCUPANCY - ILLEGAL,1497106.999859,650738.995631,,,
HOU2024-23240,23 LIGHT ST,12/3/2024,WARNING NOTICE,OPEN,PES01,TRASH/DEBRIS ON PREMISES,1498002.991834,650083.996285,39.773062,-84.173970,R72 05303 0047
HOU2024-23357,225 ALASKA ST,12/4/2024,LEGAL ORDER,OPEN,PES01,EXTERIOR STRUCTURE PROBLEMS/DETERIORATED,1499537.992373,652126.999088,39.778574,-84.168777,R72 05206 0033
HOU2024-23373,241 DEEDS AVE,12/5/2024,CORRESPONDENCE /PHONE/EMAIL/IN,ACTIVE,SIM06,OCCUPANCY - ILLEGAL,1497106.999859,650738.995631,39.774647,-84.177354,R72 05410 0010
HOU2024-23375,2063 STANVIEW AVE,12/5/2024,NOT VALID,CLOSED,PES01,PARKING IN THE GRASS,1500830.001928,653263.000097,39.781842,-84.164134,R72 05105 0028
HOU2024-23381,1330 LAMAR ST,12/5/2024,BOARDING VERIFIED,CLOSED,PES01,REINSPECTION REQUEST,1497636.006675,652946.002372,39.780653,-84.175481,R72 05204 0159
HOU2024-23382,614 TROY ST,12/5/2024,BOARDING VERIFIED,CLOSED,PES01,REINSPECTION REQUEST,1497979.005661,651737.993633,39.777423,-84.174072,R72 05209 0011
HOU2024-23383,544 TROY ST,12/5/2024,BOARDING VERIFIED,CLOSED,PES01,REINSPECTION REQUEST,1497966.996171,651548.004840,39.776779,-84.174138,R72 05301 0050
HOU2024-23384,23 LIGHT ST,12/5/2024,BOARDING VERIFIED,CLOSED,PES01,REINSPECTION REQUEST,1498002.991834,650083.996285,39.773062,-84.173970,R72 05303 0047
HOU2024-23385,321 BRANDT ST,12/5/2024,BOARDING VERIFIED,CLOSED,PES01,REINSPECTION REQUEST,1501293.996735,653544.002160,39.782586,-84.162573,R72 05106 0065
HOU2024-23386,1246 HARKER ST,12/5/2024,BOARDING VERIFIED,CLOSED,PES01,REINSPECTION REQUEST,1498027.993752,654437.995123,39.784748,-84.174085,R72 16708 0022
HOU2024-23446,614 TROY ST,12/5/2024,BOARDING REQUESTED,OPEN,PES01,VACANT STRUCTURE - OPEN,1497979.005661,651737.993633,39.777423,-84.174072,R72 05209 0011
HOU2024-23448,1306 LAMAR ST,12/5/2024,RECHECK,CLOSED,PES01,OUTDOOR STORAGE,1497441.004113,652962.992823,39.780694,-84.176167,R72 05204 0153
HOU2024-23515,102 ALASKA ST,12/6/2024,WARNING NOTICE,CLOSED,PES01,TRASH IN YARD OR NEAR ALLEY,1499572.005428,651467.002377,39.776732,-84.168373,R72 05205 0045
HOU2024-23539,1208 VALLEY ST,12/6/2024,BOARDING VERIFIED,CLOSED,PES01,REINSPECTION REQUEST,1501914.000088,653029.003846,39.781065,-84.160196,R72 05003 0021
HOU2024-23548,1432 VALLEY ST,12/6/2024,BOARDING VERIFIED,ACTIVE,PES01,REINSPECTION REQUEST,1502636.993064,653474.992784,39.782327,-84.157661,R72 05005 0009
HOU2024-23549,1432 VALLEY ST,12/6/2024,BOARDING VERIFIED,ACTIVE,PES01,REINSPECTION REQUEST,1502636.993064,653474.992784,39.782327,-84.157661,R72 05005 0009
HOU2024-23562,1836 VULL ST,12/6/2024,CORRESPONDENCE /PHONE/EMAIL/IN,CLOSED,PES01,OUTDOOR STORAGE,1504406.006587,654662.996641,39.785749,-84.151342,R72 16711 0015
HOU2024-23661,510 TROY ST,12/9/2024,CORRESPONDENCE /PHONE/EMAIL/IN,CLOSED,PES01,HOUSING INSPECTION GENERAL INFORMATION,1497929.001496,651198.993070,39.775910,-84.174227,R72 05301 0036
HOU2024-23686,2602 COMPTON ST,12/9/2024,CORRESPONDENCE /PHONE/EMAIL/IN,CLOSED,PES01,HOUSING INSPECTION GENERAL INFORMATION,1502769.998376,653263.999439,39.781795,-84.157316,R72 05009 0001
HOU2024-23784,1417 LAMAR ST,12/10/2024,DUPLICATE/PRIOR NOTICE,CLOSED,PES01,EXTERIOR STRUCTURE PROBLEMS/DETERIORATED,1497870.002926,653027.004834,39.781025,-84.174683,R72 05204 0120
HOU2024-23785,139 ALASKA ST,12/10/2024,NOT VALID,CLOSED,PES01,EXTERIOR STRUCTURE PROBLEMS/DETERIORATED,1499485.006586,651780.002407,39.777603,-84.168906,R72 05205 0021
HOU2024-23790,1317 SAINT ADALBERT AVE,12/10/2024,RECHECK,CLOSED,PES01,REINSPECTION REQUEST,1502572.997129,654586.007950,39.785511,-84.158433,R72 16709 0068
HOU2024-23791,316 ALASKA ST,12/10/2024,RECHECK,OPEN,PES01,REINSPECTION REQUEST,1499718.003496,652776.002056,39.780369,-84.168021,R72 05212 0024
HOU2024-23801,241 DEEDS AVE APT/UNIT 1,12/10/2024,TEAMED,CLOSED,JER01,SMOKE DETECTORS REQUIRED,1497106.999859,650738.995631,,,
HOU2024-23801,241 DEEDS AVE APT/UNIT 1,12/10/2024,TEAMED,CLOSED,JER01,SMOKE DETECTORS REQUIRED,1497106.999859,650738.995631,,,
HOU2024-23801,241 DEEDS AVE APT/UNIT 1,12/10/2024,TEAMED,CLOSED,JER01,SMOKE DETECTORS REQUIRED,1497106.999859,650738.995631,,,
HOU2024-23801,241 DEEDS AVE APT/UNIT 1,12/10/2024,TEAMED,CLOSED,JER01,SMOKE DETECTORS REQUIRED,1497106.999859,650738.995631,,,
HOU2024-23801,241 DEEDS AVE APT/UNIT 1,12/10/2024,TEAMED,CLOSED,JER01,SMOKE DETECTORS REQUIRED,1497106.999859,650738.995631,,,
HOU2024-23808,241 DEEDS AVE APT/UNIT 1,12/10/2024,RE-INSPECTION,OPEN,PES01,ILLEGAL OCCUPANCY,1497106.999859,650738.995631,,,
HOU2024-23808,241 DEEDS AVE APT/UNIT 1,12/10/2024,RE-INSPECTION,OPEN,PES01,ILLEGAL OCCUPANCY,1497106.999859,650738.995631,,,
HOU2024-23808,241 DEEDS AVE APT/UNIT 1,12/10/2024,RE-INSPECTION,OPEN,PES01,ILLEGAL OCCUPANCY,1497106.999859,650738.995631,,,
HOU2024-23808,241 DEEDS AVE APT/UNIT 1,12/10/2024,RE-INSPECTION,OPEN,PES01,ILLEGAL OCCUPANCY,1497106.999859,650738.995631,,,
HOU2024-23808,241 DEEDS AVE APT/UNIT 1,12/10/2024,RE-INSPECTION,OPEN,PES01,ILLEGAL OCCUPANCY,1497106.999859,650738.995631,,,
HOU2024-23821,90 NOTRE DAME AVE,12/10/2024,WARNING NOTICE,CLOSED,PES01,OUTDOOR STORAGE,1498624.993871,651868.000919,39.777826,-84.171696,R72 05208 0005
HOU2024-23840,104 NOTRE DAME AVE,12/11/2024,CITATION,CLOSED,PES01,OUTDOOR STORAGE,1498667.002645,652037.001893,39.778261,-84.171651,R72 05208 0002
HOU2024-23848,166 NOTRE DAME AVE,12/11/2024,NOT VALID,CLOSED,PES01,OUTDOOR STORAGE,1498716.007140,652539.007451,39.779658,-84.171511,R72 05207 0004
HOU2024-23850,170 NOTRE DAME AVE,12/11/2024,CITATION,OPEN,PES01,OUTDOOR STORAGE,1498720.004835,652578.001467,39.779751,-84.171501,R72 05207 0003
HOU2024-23851,172 NOTRE DAME AVE,12/11/2024,CITATION,OPEN,PES01,OUTDOOR STORAGE,1498722.003519,652602.004044,39.779844,-84.171492,R72 05207 0002
HOU2024-23853,204 NOTRE DAME AVE,12/11/2024,CITATION,OPEN,PES01,OUTDOOR STORAGE,1498745.006754,652759.994870,39.780264,-84.171449,R72 05214 0041
HOU2024-23854,212 NOTRE DAME AVE,12/11/2024,CITATION,OPEN,PES01,OUTDOOR STORAGE,1498754.001487,652835.000953,39.780456,-84.171430,R72 05214 0039
HOU2024-23855,634 TROY ST,12/11/2024,RE-INSPECTION,CLOSED,PES01,OUTDOOR STORAGE,1498001.992492,651895.001521,39.777876,-84.174025,R72 05209 0006
HOU2024-23858,155 BALTIMORE ST,12/11/2024,NOT VALID,CLOSED,PES01,OUTDOOR STORAGE,1498917.006082,652422.992263,39.779350,-84.171010,R72 05207 0024
HOU2024-23859,213 BALTIMORE ST,12/11/2024,NOT VALID,CLOSED,PES01,OUTDOOR STORAGE,1498949.004049,652812.997060,39.780428,-84.170900,R72 05214 0054
HOU2024-23878,531 BALTIMORE ST,12/11/2024,NOT VALID,CLOSED,PES01,OUTDOOR STORAGE,1499047.995977,654084.002392,39.783918,-84.170637,R72 05709 0046
HOU2024-23879,203 ALASKA ST,12/11/2024,CITATION,OPEN,PES01,OUTDOOR STORAGE,1499506.993747,651931.996854,39.778108,-84.168824,R72 05205 0017
HOU2024-23880,1710 LEO ST,12/11/2024,CITATION,OPEN,PES01,OUTDOOR STORAGE,1498846.997035,653371.003490,39.781901,-84.171204,R72 05214 0007
HOU2024-23882,2074 STANVIEW AVE,12/11/2024,CITATION,OPEN,PES01,OUTDOOR STORAGE,1500947.999395,653092.999781,39.781274,-84.163687,R72 05105 0036
HOU2024-23885,209 DEEDS AVE,12/11/2024,WARNING NOTICE,CLOSED,PES01,PARKING IN THE GRASS,1497080.998599,650453.062148,39.773888,-84.177440,R72 05404 0011
HOU2024-23902,163 GROVE AVE,12/11/2024,CORRESPONDENCE /PHONE/EMAIL/IN,OPEN,PES01,DUMPING,1498185.001640,651667.001977,,,
HOU2024-23905,1229 SAINT ADALBERT AVE,12/11/2024,CORRESPONDENCE /PHONE/EMAIL/IN,CLOSED,PES01,OUTDOOR STORAGE,1502700.006062,654341.001878,39.784782,-84.157684,R72 16710 0012
HOU2024-23909,1316 SAINT ADALBERT AVE,12/11/2024,RE-INSPECTION,CLOSED,PES01,OUTDOOR STORAGE,1502645.004859,654672.007778,39.785752,-84.157521,R72 16710 0047
HOU2024-23916,168 ALTON AVE,12/12/2024,CITATION,OPEN,PES01,TRASH IN YARD OR NEAR ALLEY,1499279.993545,651628.007960,39.777161,-84.169439,R72 05205 0011
HOU2024-23917,115 ALASKA ST,12/12/2024,RECHECK,CLOSED,PES01,TRASH IN YARD OR NEAR ALLEY,1499466.001047,651569.992328,39.777042,-84.168964,R72 05205 0027
HOU2024-23988,123 ALASKA ST,12/12/2024,WARNING NOTICE,CLOSED,PES01,OUTDOOR STORAGE,1499485.006586,651641.000389,39.777230,-84.168945,R72 05205 0025
HOU2024-23991,232 ALASKA ST,12/12/2024,WARNING NOTICE,CLOSED,PES01,OUTDOOR STORAGE,1499666.000647,652182.000291,39.778728,-84.168120,R72 05206 0048
HOU2024-23992,226 ALASKA ST,12/12/2024,RECHECK,CLOSED,PES01,OUTDOOR STORAGE,1499658.005256,652122.002051,39.778542,-84.168138,R72 05206 0050
HOU2024-23995,164 ALTON AVE,12/12/2024,WARNING NOTICE,CLOSED,PES01,OUTDOOR STORAGE,1499277.994533,651594.994247,39.777066,-84.169449,R72 05205 0012
HOU2024-23996,188 ALTON AVE,12/12/2024,RECHECK,CLOSED,PES01,OUTDOOR STORAGE,1499302.996780,651794.993519,39.777626,-84.169390,R72 05205 0006
HOU2024-23998,614 TROY ST,12/12/2024,RE-INSPECTION,CLOSED,PES01,REINSPECTION REQUEST,1497979.005661,651737.993633,39.777423,-84.174072,R72 05209 0011
HOU2024-24023,1316 SAINT ADALBERT AVE,12/13/2024,CORRESPONDENCE /PHONE/EMAIL/IN,CLOSED,PES01,PARKING IN THE GRASS,1502645.004859,654672.007778,39.785752,-84.157521,R72 16710 0047
HOU2024-24049,225 ALASKA ST,12/13/2024,CORRESPONDENCE /PHONE/EMAIL/IN,CLOSED,PES01,EXTERIOR STRUCTURE PROBLEMS/DETERIORATED,1499537.992373,652126.999088,39.778574,-84.168777,R72 05206 0033
HOU2024-24063,1216 LAMAR ST,12/15/2024,DUPLICATE/PRIOR NOTICE,ACTIVE,PES01,EXTERIOR STRUCTURE PROBLEMS/DETERIORATED,1497189.001992,652985.995730,39.780748,-84.177074,R72 05204 0045
HOU2024-24064,1216 LAMAR ST,12/15/2024,DUPLICATE/PRIOR NOTICE,CLOSED,PES01,EXTERIOR STRUCTURE PROBLEMS/DETERIORATED,1497189.001992,652985.995730,39.780748,-84.177074,R72 05204 0045
HOU2024-24066,39 MACREADY AVE,12/16/2024,DUPLICATE/PRIOR NOTICE,CLOSED,PES01,OUTDOOR STORAGE,1500013.996670,655148.995013,39.786951,-84.167112,R72 16705 0028
HOU2024-24068,316 ALASKA ST,12/16/2024,RECHECK,ACTIVE,PES01,REINSPECTION REQUEST,1499718.003496,652776.002056,39.780369,-84.168021,R72 05212 0024
HOU2024-24096,1710 LEO ST,12/16/2024,CITATION,OPEN,PES01,OUTDOOR STORAGE,1498846.997035,653371.003490,39.781901,-84.171204,R72 05214 0007
HOU2024-24114,203 ALASKA ST,12/16/2024,CITATION,OPEN,PES01,OUTDOOR STORAGE,1499506.993747,651931.996854,39.778108,-84.168824,R72 05205 0017
HOU2024-24127,203 ALASKA ST,12/16/2024,CORRESPONDENCE /PHONE/EMAIL/IN,CLOSED,PES01,WATER - NONE,1499506.993747,651931.996854,39.778108,-84.168824,R72 05205 0017
HOU2024-24129,203 ALASKA ST,12/16/2024,CORRESPONDENCE /PHONE/EMAIL/IN,CLOSED,PES01,ELECTRIC - NONE,1499506.993747,651931.996854,39.778108,-84.168824,R72 05205 0017
HOU2024-24143,151 GROVE AVE,12/17/2024,RE-INSPECTION,CLOSED,PES01,TRASH/DEBRIS ON PREMISES,1498178.005591,651581.002149,39.777028,-84.173604,R72 05209 0028
HOU2024-24153,634 TROY ST,12/17/2024,LEGAL ORDER,OPEN,PES01,TRASH IN YARD OR NEAR ALLEY,1498001.992492,651895.001521,39.777876,-84.174025,R72 05209 0006
HOU2024-24166,917 TROY ST,12/17/2024,AUTHORIZATION TO ENTER,CLOSED,PES01,HOUSING INSPECTION GENERAL INFORMATION,1497991.998089,653133.992481,39.781259,-84.174330,R72 05204 0140
HOU2024-24181,151 GROVE AVE,12/17/2024,CORRESPONDENCE /PHONE/EMAIL/IN,CLOSED,PES01,OUTDOOR STORAGE,1498178.005591,651581.002149,39.777028,-84.173604,R72 05209 0028
HOU2024-24185,212 NOTRE DAME AVE,12/17/2024,CITATION,OPEN,PES01,VEHICLE - PARKING IN THE YARD,1498754.001487,652835.000953,39.780456,-84.171430,R72 05214 0039
HOU2024-24210,170 NOTRE DAME AVE,12/17/2024,CITATION,OPEN,PES01,OUTDOOR STORAGE,1498720.004835,652578.001467,39.779751,-84.171501,R72 05207 0003
HOU2024-24229,203 ALASKA ST,12/18/2024,CORRESPONDENCE /PHONE/EMAIL/IN,CLOSED,PES01,VACANT STRUCTURE - OPEN,1499506.993747,651931.996854,39.778108,-84.168824,R72 05205 0017
HOU2024-24230,240 ALASKA ST,12/18/2024,CORRESPONDENCE /PHONE/EMAIL/IN,CLOSED,PES01,HOUSING INSPECTION GENERAL INFORMATION,1499671.997026,652255.007363,39.778914,-84.168101,R72 05206 0046
HOU2024-24232,335 GROVE AVE,12/18/2024,CORRESPONDENCE /PHONE/EMAIL/IN,CLOSED,PES01,HOUSING INSPECTION GENERAL INFORMATION,1498312.993510,653040.996932,39.781032,-84.173195,R72 05211 0030
HOU2024-24291,1915 VALLEY ST,12/18/2024,CORRESPONDENCE /PHONE/EMAIL/IN,EXTENSION GRANTED,PES01,HOUSING INSPECTION GENERAL INFORMATION,1504732.998387,654661.996971,39.785979,-84.150628,R72 16704 0047
HOU2024-24335,159 BALTIMORE ST,12/19/2024,WARNING NOTICE,CLOSED,PES01,OUTDOOR STORAGE,1498923.002461,652462.002684,39.779443,-84.171001,R72 05207 0023
HOU2024-24337,217 BALTIMORE ST,12/19/2024,RECHECK,CLOSED,PES01,OUTDOOR STORAGE,1498953.001745,652842.996344,39.780524,-84.170891,R72 05214 0053
HOU2024-24346,318 DEEDS AVE,12/19/2024,WARNING NOTICE,CLOSED,PES01,OUTDOOR STORAGE,1497241.004841,650988.999068,39.775309,-84.176670,R72 05410 0012
HOU2024-24352,223 DEEDS AVE,12/19/2024,VLM/PUBLIC WORKS,OPEN,PES01,DUMPING,1497102.592716,650594.030042,39.774248,-84.177403,R72 05404 0014
HOU2024-24366,2022 STAPLETON CT,12/19/2024,CORRESPONDENCE /PHONE/EMAIL/IN,EXTENSION GRANTED,PES01,HOUSING INSPECTION GENERAL INFORMATION,1500175.002253,652102.996512,39.778504,-84.166434,R72 05107 0043
HOU2024-24367,2014 STAPLETON CT,12/19/2024,CORRESPONDENCE /PHONE/EMAIL/IN,EXTENSION GRANTED,PES01,HOUSING INSPECTION GENERAL INFORMATION,1500129.995454,652138.992175,39.778613,-84.166600,R72 05107 0041
HOU2024-24369,23 LIGHT ST,12/19/2024,CORRESPONDENCE /PHONE/EMAIL/IN,CLOSED,PES01,HOUSING INSPECTION GENERAL INFORMATION,1498002.991834,650083.996285,39.773062,-84.173970,R72 05303 0047
HOU2024-24382,23 LIGHT ST,12/20/2024,CORRESPONDENCE /PHONE/EMAIL/IN,CLOSED,PES01,HOUSING INSPECTION GENERAL INFORMATION,1498002.991834,650083.996285,39.773062,-84.173970,R72 05303 0047
HOU2024-24386,634 TROY ST,12/20/2024,NOT VALID,CLOSED,PES01,TRASH/DEBRIS ON PREMISES,1498001.992492,651895.001521,39.777876,-84.174025,R72 05209 0006
HOU2024-24397,1274 DEEDS AVE,12/20/2024,CORRESPONDENCE /PHONE/EMAIL/IN,CLOSED,PES01,HOUSING INSPECTION GENERAL INFORMATION,1497947.007694,654804.996685,39.785746,-84.174473,R72 16708 0048
HOU2024-24398,1402 LAMAR ST,12/20/2024,CORRESPONDENCE /PHONE/EMAIL/IN,CLOSED,PES01,HOUSING INSPECTION GENERAL INFORMATION,1497726.003871,652933.992881,39.780635,-84.175188,R72 05204 0121
HOU2024-24400,168 ALTON AVE,12/20/2024,CORRESPONDENCE /PHONE/EMAIL/IN,CLOSED,PES01,HOUSING INSPECTION GENERAL INFORMATION,1499279.993545,651628.007960,39.777161,-84.169439,R72 05205 0011
HOU2024-24411,39 MACREADY AVE,12/20/2024,DUPLICATE/PRIOR NOTICE,CLOSED,PES01,PARKING IN THE GRASS,1500013.996670,655148.995013,39.786951,-84.167112,R72 16705 0028
HOU2024-24422,19 MACREADY AVE,12/20/2024,NOT VALID,CLOSED,PES01,PARKING IN THE GRASS,1499690.003223,655370.998178,39.787556,-84.168300,R72 16706 0039
HOU2024-24423,21 MACREADY AVE,12/20/2024,NOT VALID,CLOSED,PES01,PARKING IN THE GRASS,1499723.999875,655349.993955,39.787495,-84.168181,R72 16706 0040
HOU2024-24425,104 NOTRE DAME AVE,12/20/2024,CORRESPONDENCE /PHONE/EMAIL/IN,CLOSED,PES01,HOUSING INSPECTION GENERAL INFORMATION,1498667.002645,652037.001893,39.778261,-84.171651,R72 05208 0002
HOU2024-24426,104 NOTRE DAME AVE,12/20/2024,CORRESPONDENCE /PHONE/EMAIL/IN,CLOSED,PES01,HOUSING INSPECTION GENERAL INFORMATION,1498667.002645,652037.001893,39.778261,-84.171651,R72 05208 0002
HOU2024-24429,2019 STAPLETON CT,12/20/2024,CORRESPONDENCE /PHONE/EMAIL/IN,EXTENSION GRANTED,PES01,HOUSING INSPECTION GENERAL INFORMATION,1500182.997644,652217.995954,39.778903,-84.166314,R72 05107 0029
HOU2024-24430,353 DELL ST APT/UNIT A,12/20/2024,CORRESPONDENCE /PHONE/EMAIL/IN,EXTENSION GRANTED,PES01,HOUSING INSPECTION GENERAL INFORMATION,1498260.007724,649836.007936,,,
HOU2024-24430,353 DELL ST APT/UNIT A,12/20/2024,CORRESPONDENCE /PHONE/EMAIL/IN,EXTENSION GRANTED,PES01,HOUSING INSPECTION GENERAL INFORMATION,1498260.007724,649836.007936,,,
HOU2024-24430,353 DELL ST APT/UNIT A,12/20/2024,CORRESPONDENCE /PHONE/EMAIL/IN,EXTENSION GRANTED,PES01,HOUSING INSPECTION GENERAL INFORMATION,1498260.007724,649836.007936,,,
HOU2024-24431,1519 LEO ST,12/20/2024,CORRESPONDENCE /PHONE/EMAIL/IN,EXTENSION GRANTED,PES01,HOUSING INSPECTION GENERAL INFORMATION,1498318.006952,653530.993328,39.782482,-84.173085,R72 05710 0002
HOU2024-24433,1306 RAY ST,12/20/2024,CORRESPONDENCE /PHONE/EMAIL/IN,CLOSED,PES01,HOUSING INSPECTION GENERAL INFORMATION,1497319.991887,651617.997482,39.776975,-84.176548,R72 05403 0002
HOU2024-24451,3733 LAKEBEND DR APT/UNIT A2,12/23/2024,NOT VALID,CLOSED,PES01,DUMPING,1503103.003287,659127.996897,,,
HOU2025-00260,132 MACREADY AVE,1/8/2025,WARNING NOTICE,CLOSED,PES01,OUTDOOR STORAGE,1500348.000923,654772.998718,39.785803,-84.166005,R72 16705 0043
HOU2025-00261,25 BALTIMORE ST,1/8/2025,WARNING NOTICE,ACTIVE,PES01,OUTDOOR STORAGE,1498812.001042,651259.007386,39.776180,-84.171333,R72 05307 0039
HOU2025-00262,90 NOTRE DAME AVE,1/8/2025,CITATION,OPEN,PES01,OUTDOOR STORAGE,1498624.993871,651868.000919,39.777826,-84.171696,R72 05208 0005
HOU2025-00339,513 BRANDT ST,1/10/2025,CORRESPONDENCE /PHONE/EMAIL/IN,CLOSED,PES01,TRASH/DEBRIS ON PREMISES,1501527.992986,653973.999988,39.783728,-84.161730,R72 05106 0074
HOU2025-00340,28 LIGHT ST,1/10/2025,CORRESPONDENCE /PHONE/EMAIL/IN,EXTENSION GRANTED,PES01,HOUSING INSPECTION GENERAL INFORMATION,1498027.993752,649983.005345,39.772573,-84.173898,R72 05303 0029
HOU2025-00346,136 NOTRE DAME AVE,1/10/2025,CORRESPONDENCE /PHONE/EMAIL/IN,CLOSED,PES01,HOUSING INSPECTION GENERAL INFORMATION,1498692.004563,652300.997100,39.779006,-84.171576,R72 05207 0011
HOU2025-00378,216 NOTRE DAME AVE,1/13/2025,WARNING NOTICE,CLOSED,PES01,OUTDOOR STORAGE,1498756.000498,652868.997604,39.780552,-84.171420,R72 05214 0038
HOU2025-00379,200 NOTRE DAME AVE,1/13/2025,WARNING NOTICE,CLOSED,PES01,OUTDOOR STORAGE,1498738.993971,652725.998219,39.780168,-84.171459,R72 05214 0042
HOU2025-00380,309 BALTIMORE ST,1/13/2025,WARNING NOTICE,CLOSED,PES01,OUTDOOR STORAGE,1498984.999712,653146.001972,39.781339,-84.170808,R72 05214 0046
HOU2025-00384,309 BALTIMORE ST,1/13/2025,CORRESPONDENCE /PHONE/EMAIL/IN,CLOSED,PES01,HOUSING INSPECTION GENERAL INFORMATION,1498984.999712,653146.001972,39.781339,-84.170808,R72 05214 0046
HOU2025-00388,2074 STANVIEW AVE,1/13/2025,CORRESPONDENCE /PHONE/EMAIL/IN,CLOSED,PES01,HOUSING INSPECTION GENERAL INFORMATION,1500947.999395,653092.999781,39.781274,-84.163687,R72 05105 0036
HOU2025-00390,136 NOTRE DAME AVE,1/13/2025,CORRESPONDENCE /PHONE/EMAIL/IN,CLOSED,PES01,HOUSING INSPECTION GENERAL INFORMATION,1498692.004563,652300.997100,39.779006,-84.171576,R72 05207 0011
HOU2025-00412,136 NOTRE DAME AVE,1/13/2025,RECHECK,CLOSED,PES01,REINSPECTION REQUEST,1498692.004563,652300.997100,39.779006,-84.171576,R72 05207 0011
HOU2025-00422,203 ALASKA ST,1/13/2025,RECHECK,OPEN,PES01,REINSPECTION REQUEST,1499506.993747,651931.996854,39.778108,-84.168824,R72 05205 0017
HOU2025-00428,1710 LEO ST,1/13/2025,RECHECK,CLOSED,PES01,REINSPECTION REQUEST,1498846.997035,653371.003490,39.781901,-84.171204,R72 05214 0007
HOU2025-00429,1710 LEO ST,1/13/2025,RECHECK,CLOSED,PES01,REINSPECTION REQUEST,1498846.997035,653371.003490,39.781901,-84.171204,R72 05214 0007
HOU2025-00431,212 NOTRE DAME AVE,1/13/2025,RECHECK,CLOSED,PES01,REQUESTING REINSPECTION,1498754.001487,652835.000953,39.780456,-84.171430,R72 05214 0039
HOU2025-00444,168 ALTON AVE,1/13/2025,RECHECK,OPEN,PES01,REINSPECTION REQUEST,1499279.993545,651628.007960,39.777161,-84.169439,R72 05205 0011
HOU2025-00445,2074 STANVIEW AVE,1/13/2025,RECHECK,CLOSED,PES01,REQUESTING REINSPECTION,1500947.999395,653092.999781,39.781274,-84.163687,R72 05105 0036
HOU2025-00573,318 DEEDS AVE,1/15/2025,FOURTH DEGREE,OPEN,PES01,OUTDOOR STORAGE,1497241.004841,650988.999068,39.775309,-84.176670,R72 05410 0012
HOU2025-00576,102 ALASKA ST,1/15/2025,CORRESPONDENCE /PHONE/EMAIL/IN,CLOSED,PES01,HOUSING INSPECTION GENERAL INFORMATION,1499572.005428,651467.002377,39.776732,-84.168373,R72 05205 0045
HOU2025-00602,505 BRANDT ST,1/15/2025,WARNING NOTICE,CLOSED,PES01,PARKING IN THE GRASS,1501489.998639,653894.996537,39.783575,-84.161915,R72 05106 0083
HOU2025-00604,1229 SAINT ADALBERT AVE,1/15/2025,CORRESPONDENCE /PHONE/EMAIL/IN,CLOSED,PES01,HOUSING INSPECTION GENERAL INFORMATION,1502700.006062,654341.001878,39.784782,-84.157684,R72 16710 0012
HOU2025-00605,232 ALASKA ST,1/15/2025,CORRESPONDENCE /PHONE/EMAIL/IN,CLOSED,PES01,OUTDOOR STORAGE,1499666.000647,652182.000291,39.778728,-84.168120,R72 05206 0048
HOU2025-00640,163 KELLY AVE,1/16/2025,RE-INSPECTION,CLOSED,PES01,REQUESTING REINSPECTION,1500160.994079,655430.996417,39.787739,-84.166607,R72 16705 0002
HOU2025-00641,55 BRANDT ST,1/16/2025,RE-INSPECTION,CLOSED,PES01,REINSPECTION REQUEST,1500793.006595,652552.999549,39.779929,-84.164393,R72 05102 0022
HOU2025-00642,413 BRANDT ST,1/16/2025,RE-INSPECTION,CLOSED,PES01,REQUESTING REINSPECTION,1501389.007371,653730.992600,39.783092,-84.162245,R72 05106 0062
HOU2025-00646,233 VALLEY ST,1/16/2025,RE-INSPECTION,CLOSED,PES01,REINSPECTION REQUEST,1497928.002154,649479.000447,39.771226,-84.174254,R72 05304 0017
HOU2025-00649,1303 VALLEY ST,1/16/2025,RE-INSPECTION,CLOSED,PES01,REINSPECTION REQUEST,1502035.995251,653234.000483,39.781789,-84.160036,R72 05002 0023
HOU2025-00651,1125 SAINT ADALBERT AVE,1/16/2025,RE-INSPECTION,CLOSED,PES01,REINSPECTION REQUEST,1502825.998920,653993.005527,39.783845,-84.157177,R72 16710 0007
HOU2025-00679,132 MACREADY AVE,1/17/2025,CORRESPONDENCE /PHONE/EMAIL/IN,CLOSED,PES01,OUTDOOR STORAGE,1500348.000923,654772.998718,39.785803,-84.166005,R72 16705 0043
HOU2025-00761,200 NOTRE DAME AVE,1/21/2025,CORRESPONDENCE /PHONE/EMAIL/IN,CLOSED,PES01,HOUSING INSPECTION GENERAL INFORMATION,1498738.993971,652725.998219,39.780168,-84.171459,R72 05214 0042
HOU2025-00793,335 GROVE AVE,1/21/2025,CORRESPONDENCE /PHONE/EMAIL/IN,EXTENSION GRANTED,PES01,HOUSING INSPECTION GENERAL INFORMATION,1498312.993510,653040.996932,39.781032,-84.173195,R72 05211 0030
HOU2025-00795,7 GROVE AVE,1/21/2025,CORRESPONDENCE /PHONE/EMAIL/IN,CLOSED,PES01,HOUSING INSPECTION GENERAL INFORMATION,1498170.993466,650823.995789,39.774915,-84.173545,R72 05301 0119
HOU2025-00799,232 ALASKA ST,1/21/2025,CORRESPONDENCE /PHONE/EMAIL/IN,CLOSED,PES01,HOUSING INSPECTION GENERAL INFORMATION,1499666.000647,652182.000291,39.778728,-84.168120,R72 05206 0048
HOU2025-00832,90 NOTRE DAME AVE,1/22/2025,RECHECK,OPEN,PES01,REINSPECTION REQUEST,1498624.993871,651868.000919,39.777826,-84.171696,R72 05208 0005
HOU2025-00834,203 HART ST,1/22/2025,BOARDING REQUESTED,OPEN,PES01,VACANT STRUCTURE - OPEN,1497249.000231,651186.000314,39.775943,-84.176652,R72 05403 0024
HOU2025-00844,123 ALASKA ST,1/22/2025,CITATION,OPEN,PES01,OUTDOOR STORAGE,1499485.006586,651641.000389,39.777230,-84.168945,R72 05205 0025
HOU2025-00850,200 NOTRE DAME AVE,1/22/2025,CORRESPONDENCE /PHONE/EMAIL/IN,CLOSED,PES01,HOUSING INSPECTION GENERAL INFORMATION,1498738.993971,652725.998219,39.780168,-84.171459,R72 05214 0042
HOU2025-00851,37 ALASKA ST,1/22/2025,WARNING NOTICE,CLOSED,PES01,OUTDOOR STORAGE,1499435.002421,651131.998782,39.775804,-84.169136,R72 05308 0069
HOU2025-00854,159 BALTIMORE ST,1/22/2025,FOURTH DEGREE,OPEN,PES01,OUTDOOR STORAGE,1498923.002461,652462.002684,39.779443,-84.171001,R72 05207 0023
HOU2025-00855,200 NOTRE DAME AVE,1/22/2025,CORRESPONDENCE /PHONE/EMAIL/IN,CLOSED,PES01,OUTDOOR STORAGE,1498738.993971,652725.998219,39.780168,-84.171459,R72 05214 0042
HOU2025-01242,167 GROVE AVE,1/31/2025,CORRESPONDENCE /PHONE/EMAIL/IN,CLOSED,PES01,TRASH IN YARD OR NEAR ALLEY,1498181.003945,651695.002249,39.777299,-84.173576,R72 05209 0025
HOU2025-01246,544 TROY ST,1/31/2025,CORRESPONDENCE /PHONE/EMAIL/IN,CLOSED,PES01,OUTDOOR STORAGE,1497966.996171,651548.004840,39.776779,-84.174138,R72 05301 0050
HOU2025-01248,548 TROY ST,1/31/2025,WARNING NOTICE,OPEN,PES01,TRASH/DEBRIS ON PREMISES,1497970.993866,651598.991942,39.776875,-84.174128,R72 05301 0051
HOU2025-01249,151 GROVE AVE,1/31/2025,CORRESPONDENCE /PHONE/EMAIL/IN,CLOSED,PES01,TRASH/DEBRIS ON PREMISES,1498178.005591,651581.002149,39.777028,-84.173604,R72 05209 0028
HOU2025-01266,37 ALASKA ST,1/31/2025,CORRESPONDENCE /PHONE/EMAIL/IN,ACTIVE,PES01,OUTDOOR STORAGE,1499435.002421,651131.998782,39.775804,-84.169136,R72 05308 0069
HOU2025-01268,203 GROVE AVE,1/31/2025,RE-INSPECTION,CLOSED,PES01,VACANT STRUCTURE - OPEN,1498208.004875,652039.000577,39.778256,-84.173478,R72 05209 0016
HOU2025-01349,123 ALASKA ST,2/3/2025,RECHECK,OPEN,PES01,REINSPECTION REQUEST,1499485.006586,651641.000389,39.777230,-84.168945,R72 05205 0025
HOU2025-01354,614 TROY ST,2/3/2025,BOARDING VERIFIED,CLOSED,PES01,REINSPECTION REQUEST,1497979.005661,651737.993633,39.777423,-84.174072,R72 05209 0011
HOU2025-01358,1330 LAMAR ST,2/3/2025,BOARDING REQUESTED,OPEN,PES01,OUTDOOR STORAGE,1497636.006675,652946.002372,39.780653,-84.175481,R72 05204 0159
HOU2025-01362,521 MARYLAND AVE,2/3/2025,BOARDING REQUESTED,OPEN,PES01,VACANT STRUCTURE - OPEN,1497527.003941,651879.994005,39.777834,-84.175925,R72 05201 0062
HOU2025-01389,544 TROY ST,2/3/2025,WARNING NOTICE,CLOSED,PES01,OUTDOOR STORAGE,1497966.996171,651548.004840,39.776779,-84.174138,R72 05301 0050
HOU2025-01401,132 MACREADY AVE,2/3/2025,RE-INSPECTION,CLOSED,PES01,REINSPECTION REQUEST,1500348.000923,654772.998718,39.785803,-84.166005,R72 16705 0043
HOU2025-01485,57 ALASKA ST,2/4/2025,RE-INSPECTION,CLOSED,PES01,REINSPECTION REQUEST,1499452.992215,651282.993559,39.776211,-84.169076,R72 05308 0024
HOU2025-01490,320 ALASKA ST,2/4/2025,RE-INSPECTION,CLOSED,PES01,REINSPECTION REQUEST,1499724.999216,652819.993109,39.780464,-84.168012,R72 05212 0023
HOU2025-01492,412 ALASKA ST,2/4/2025,RE-INSPECTION,CLOSED,PES01,REINSPECTION REQUEST,1499753.999158,653102.993856,39.781251,-84.167938,R72 05212 0016
HOU2025-01494,250 ALTON AVE,2/4/2025,RE-INSPECTION,CLOSED,PES01,REINSPECTION REQUEST,1499360.996007,652350.001595,39.779161,-84.169231,R72 05206 0010
HOU2025-01495,247 ALTON AVE,2/4/2025,RE-INSPECTION,CLOSED,PES01,REINSPECTION REQUEST,1499230.005784,652326.998688,39.779101,-84.169873,R72 05207 0061
HOU2025-01506,146 ALTON AVE,2/4/2025,RE-INSPECTION,CLOSED,PES01,REINSPECTION REQUEST,1499258.006056,651432.006056,39.776647,-84.169499,R72 05308 0030
HOU2025-01507,11 BALTIMORE ST,2/4/2025,RE-INSPECTION,CLOSED,PES01,REINSPECTION REQUEST,1498797.992540,651114.992254,39.775741,-84.171378,R72 05307 0043
HOU2025-01514,54 BALTIMORE ST,2/4/2025,RE-INSPECTION,CLOSED,PES01,REINSPECTION REQUEST,1498953.001745,651529.998970,39.776878,-84.170617,R72 05208 0045
HOU2025-01515,58 BALTIMORE ST,2/4/2025,RE-INSPECTION,CLOSED,PES01,REQUESTING REINSPECTION,1498956.999440,651560.997268,39.776977,-84.170607,R72 05208 0044
HOU2025-01521,120 BALTIMORE ST,2/4/2025,RE-INSPECTION,CLOSED,PES01,REINSPECTION REQUEST,1499012.999984,652146.004628,39.778570,-84.170444,R72 05207 0050
HOU2025-01566,203 ALASKA ST,2/5/2025,BOARDING VERIFIED,CLOSED,PES01,VACANT STRUCTURE - OPEN,1499506.993747,651931.996854,39.778108,-84.168824,R72 05205 0017
HOU2025-01567,2030 STAPLETON CT,2/5/2025,BOARDING VERIFIED,CLOSED,PES01,VACANT STRUCTURE - OPEN,1500222.008065,652063.003153,39.778397,-84.166271,R72 05107 0045
HOU2025-01571,125 BALTIMORE ST,2/5/2025,RE-INSPECTION,CLOSED,PES01,REINSPECTION REQUEST,1498896.001859,652190.995023,39.778698,-84.171076,R72 05207 0031
HOU2025-01574,173 BALTIMORE ST,2/5/2025,RE-INSPECTION,CLOSED,PES01,REINSPECTION REQUEST,1498933.996205,652595.007995,39.779816,-84.170963,R72 05207 0019
HOU2025-01585,2048 BELLEFONTAINE AVE,2/5/2025,RE-INSPECTION,CLOSED,PES01,REINSPECTION REQUEST,1500886.002472,653741.003406,39.783026,-84.164015,R72 05106 0037
HOU2025-01588,515 BENTLEY ST,2/5/2025,RE-INSPECTION,CLOSED,PES01,REINSPECTION REQUEST,1501243.992898,654091.997783,39.784096,-84.162767,R72 05112 0001
HOU2025-01670,2013 VALLEY ST,2/6/2025,BOARDING REQUESTED,OPEN,PES01,VACANT STRUCTURE - OPEN,1505170.991933,654949.995083,,,
HOU2025-01673,2168 BICKMORE AVE,2/6/2025,WARNING NOTICE,CLOSED,PES01,OUTDOOR STORAGE,1502075.005671,653440.995804,39.782257,-84.159720,R72 05002 0091
HOU2025-01680,2168 BICKMORE AVE,2/6/2025,LEGAL ORDER,OPEN,PES01,EXTERIOR STRUCTURE PROBLEMS/DETERIORATED,1502075.005671,653440.995804,39.782257,-84.159720,R72 05002 0091
HOU2025-01682,1919 VALLEY ST,2/6/2025,WARNING NOTICE,CLOSED,PES01,OUTDOOR STORAGE,1504787.999261,654672.007778,39.786199,-84.150236,R72 16704 0048
HOU2025-01683,33 BRANDT ST,2/6/2025,RE-INSPECTION,CLOSED,PES01,REINSPECTION REQUEST,1500677.008139,652339.008179,39.779221,-84.164741,R72 05107 0016
HOU2025-01684,2021 BICKMORE AVE,2/6/2025,RE-INSPECTION,CLOSED,PES01,REINSPECTION REQUEST,1500956.994128,654155.993718,39.784212,-84.163788,R72 05112 0010
HOU2025-01685,2033 BICKMORE AVE,2/6/2025,RE-INSPECTION,CLOSED,PES01,REQUESTING REINSPECTION,1501023.005479,654105.006615,39.784132,-84.163467,R72 05112 0008
HOU2025-01687,2132 BICKMORE AVE,2/6/2025,RE-INSPECTION,CLOSED,PES01,REINSPECTION REQUEST,1501758.007946,653609.996779,39.782691,-84.160930,R72 05002 0083
HOU2025-01690,2141 BICKMORE AVE,2/6/2025,RE-INSPECTION,CLOSED,PES01,REQUESTING REINSPECTION,1501927.991858,653629.002318,39.782941,-84.160226,R72 05001 0022
HOU2025-01830,2013 VALLEY ST,2/7/2025,NOT VALID,ACTIVE,PES01,VACANT STRUCTURE - OPEN,1505170.991933,654949.995083,,,
HOU2025-01848,1302 LEO ST,2/7/2025,CORRESPONDENCE /PHONE/EMAIL/IN,CLOSED,PES01,ELECTRIC - NONE,1497476.000434,653506.007485,39.782199,-84.176132,R72 05204 0061
HOU2025-01852,151 GROVE AVE,2/7/2025,CORRESPONDENCE /PHONE/EMAIL/IN,CLOSED,PES01,HOUSING INSPECTION GENERAL INFORMATION,1498178.005591,651581.002149,39.777028,-84.173604,R72 05209 0028
HOU2025-01863,2153 BELLEFONTAINE AVE,2/7/2025,CORRESPONDENCE /PHONE/EMAIL/IN,CLOSED,PES01,HOUSING INSPECTION GENERAL INFORMATION,1501848.005141,653340.004865,39.782073,-84.160373,R72 05002 0076
HOU2025-01867,144 BALTIMORE ST,2/7/2025,CORRESPONDENCE /PHONE/EMAIL/IN,CLOSED,PES01,EXTERIOR STRUCTURE PROBLEMS/DETERIORATED,1499030.006512,652343.005874,39.779129,-84.170387,R72 05207 0044
HOU2025-01869,24 BRIGHTON ST,2/7/2025,CORRESPONDENCE /PHONE/EMAIL/IN,CLOSED,PES01,HOUSING INSPECTION GENERAL INFORMATION,1500572.003100,652709.007767,39.780195,-84.164937,R72 05102 0013
HOU2025-01876,2048 BELLEFONTAINE AVE,2/7/2025,CORRESPONDENCE /PHONE/EMAIL/IN,CLOSED,PES01,HOUSING INSPECTION GENERAL INFORMATION,1500886.002472,653741.003406,39.783026,-84.164015,R72 05106 0037
HOU2025-01878,412 HART ST,2/7/2025,CORRESPONDENCE /PHONE/EMAIL/IN,CLOSED,PES01,HOUSING INSPECTION GENERAL INFORMATION,1498017.000008,651004.006912,39.775418,-84.174025,R72 05301 0114
HOU2025-01942,81 BRANDT ST,2/10/2025,RE-INSPECTION,CLOSED,PES01,REQUESTING REINSPECTION,1500893.997863,652751.000137,39.780398,-84.163998,R72 05102 0005
HOU2025-01943,217 BRANDT ST,2/10/2025,RE-INSPECTION,CLOSED,PES01,REINSPECTION REQUEST,1501150.997021,653242.995216,39.781761,-84.163132,R72 05105 0002
HOU2025-01963,306 BRANDT ST,2/10/2025,RE-INSPECTION,CLOSED,PES01,REINSPECTION REQUEST,1501328.993056,653326.996032,39.781840,-84.162353,R72 05002 0046
HOU2025-01965,520 BRANDT ST,2/10/2025,RE-INSPECTION,CLOSED,PES01,REINSPECTION REQUEST,1501668.993688,653981.995378,39.783696,-84.161052,R72 05114 0019
HOU2025-01966,2048 BELLEFONTAINE AVE,2/10/2025,CORRESPONDENCE /PHONE/EMAIL/IN,CLOSED,PES01,HOUSING INSPECTION GENERAL INFORMATION,1500886.002472,653741.003406,39.783026,-84.164015,R72 05106 0037
HOU2025-02049,320 ALASKA ST,2/11/2025,CORRESPONDENCE /PHONE/EMAIL/IN,CLOSED,PES01,HOUSING INSPECTION GENERAL INFORMATION,1499724.999216,652819.993109,39.780464,-84.168012,R72 05212 0023
HOU2025-02085,2606 OLD TROY PIKE,2/11/2025,TEAMED,CLOSED,JER01,VEHICLE - PARKING IN THE YARD,1502117.459655,658628.973289,39.796526,-84.159836,R72 17002 0052
HOU2025-02140,1209 CHAPEL ST,2/11/2025,RE-INSPECTION,CLOSED,PES01,REQUESTING REINSPECTION,1497279.998529,650852.995731,39.774968,-84.176705,R72 05410 0016
HOU2025-02141,1546 CHAPEL ST,2/11/2025,RE-INSPECTION,CLOSED,PES01,REQUESTING REINSPECTION,1498640.001715,650622.996847,39.774333,-84.171731,R72 05306 0019
HOU2025-02143,1538 CHAPEL ST,2/11/2025,RE-INSPECTION,CLOSED,PES01,REINSPECTION REQUEST,1498562.996947,650633.007654,39.774353,-84.172054,R72 05306 0010
HOU2025-02144,1526 CHAPEL ST,2/11/2025,RE-INSPECTION,CLOSED,PES01,REQUESTING REINSPECTION,1498484.992838,650639.004033,39.774370,-84.172331,R72 05306 0005
HOU2025-02145,1515 CHAPEL ST,2/11/2025,RE-INSPECTION,CLOSED,PES01,REINSPECTION REQUEST,1498379.004533,650752.004463,39.774738,-84.172705,R72 05301 0024
HOU2025-02146,608 HART ST,2/11/2025,BOARDING VERIFIED,CLOSED,PES01,VACANT STRUCTURE - OPEN,1498603.006710,650947.007026,39.775187,-84.171915,R72 05307 0071
HOU2025-02168,412 HART ST,2/11/2025,CORRESPONDENCE /PHONE/EMAIL/IN,CLOSED,PES01,HOUSING INSPECTION GENERAL INFORMATION,1498017.000008,651004.006912,39.775418,-84.174025,R72 05301 0114
HOU2025-02176,2606 OLD TROY PIKE,2/11/2025,RE-INSPECTION,CLOSED,PES01,VEHICLE - PARKING IN THE YARD,1502117.459655,658628.973289,39.796526,-84.159836,R72 17002 0052
HOU2025-02193,2076 BELLEFONTAINE AVE,2/12/2025,WARNING NOTICE,CLOSED,PES01,OUTDOOR STORAGE,1501145.000642,653605.999083,39.782665,-84.163077,R72 05106 0044
HOU2025-02194,311 BRANDT ST,2/12/2025,WARNING NOTICE,CLOSED,PES01,OUTDOOR STORAGE,1501243.992898,653436.998109,39.782277,-84.162775,R72 05106 0068
HOU2025-02196,55 PAW PAW ST,2/12/2025,WARNING NOTICE,OPEN,PES01,OUTDOOR STORAGE,1502399.998788,653980.996037,39.783855,-84.158729,R72 16709 0022
HOU2025-02222,20 URBANA AVE,2/12/2025,WARNING NOTICE,EXTENSION GRANTED,PES01,OUTDOOR STORAGE,1501992.004197,653775.999399,39.783132,-84.159879,R72 05001 0021
HOU2025-02226,224 HART ST,2/12/2025,WARNING NOTICE,CLOSED,PES01,TRASH IN YARD OR NEAR ALLEY,1497426.995938,651059.008114,39.775486,-84.176120,R72 05403 0037
HOU2025-02231,212 HART ST,2/12/2025,CORRESPONDENCE /PHONE/EMAIL/IN,CLOSED,PES01,OUTDOOR STORAGE,1497323.006645,651065.004493,39.775506,-84.176465,R72 05403 0034
HOU2025-02297,1414 LEONHARD ST,2/13/2025,WARNING NOTICE,OPEN,PES01,TRASH/DEBRIS ON PREMISES,1497870.887439,652651.024943,,,
HOU2025-02298,1209 CHAPEL ST,2/13/2025,WARNING NOTICE,CLOSED,PES01,OUTDOOR STORAGE,1497279.998529,650852.995731,39.774968,-84.176705,R72 05410 0016
HOU2025-02305,1302 LEO ST,2/13/2025,CORRESPONDENCE /PHONE/EMAIL/IN,CLOSED,PES01,ELECTRIC - NONE,1497476.000434,653506.007485,39.782199,-84.176132,R72 05204 0061
HOU2025-02382,747 TROY ST,2/13/2025,WARNING NOTICE,CLOSED,PES01,OUTDOOR STORAGE,1497944.992278,652519.002570,39.779573,-84.174502,R72 05203 0054
HOU2025-02384,1401 LEONHARD ST,2/13/2025,WARNING NOTICE,CLOSED,PES01,OUTDOOR STORAGE,1497706.998331,652766.007981,39.780306,-84.175222,R72 05204 0126
HOU2025-02385,1301 LAMAR ST,2/13/2025,WARNING NOTICE,CLOSED,PES01,OUTDOOR STORAGE,1497430.993634,653067.997863,39.781118,-84.176240,R72 05204 0085
HOU2025-02461,1309 LAMAR ST,2/14/2025,CORRESPONDENCE /PHONE/EMAIL/IN,CLOSED,PES01,OUTDOOR STORAGE,1497485.994508,653063.000497,39.781105,-84.176011,R72 05204 0087
HOU2025-02463,1306 SCHAEFFER ST,2/14/2025,WARNING NOTICE,OPEN,PES01,OUTDOOR STORAGE,1497469.004385,653234.999825,39.781437,-84.176093,R72 05204 0078
HOU2025-02469,1325 LAMAR ST,2/14/2025,WARNING NOTICE,ACTIVE,PES01,VEHICLE - OTHER,1497616.001794,653051.007411,39.781077,-84.175553,R72 05204 0091
HOU2025-02482,2033 BICKMORE AVE,2/14/2025,CORRESPONDENCE /PHONE/EMAIL/IN,CLOSED,PES01,EXTERIOR STRUCTURE PROBLEMS/DETERIORATED,1501023.005479,654105.006615,39.784132,-84.163467,R72 05112 0008
HOU2025-02486,236 ALTON AVE,2/14/2025,CORRESPONDENCE /PHONE/EMAIL/IN,CLOSED,PES01,EXTERIOR STRUCTURE PROBLEMS/DETERIORATED,1499348.003579,652236.001823,39.778881,-84.169260,R72 05206 0013
HOU2025-02489,217 BRANDT ST,2/14/2025,WARNING NOTICE,CLOSED,PES01,HOUSING INSPECTION GENERAL INFORMATION,1501150.997021,653242.995216,39.781761,-84.163132,R72 05105 0002
HOU2025-02499,151 GROVE AVE,2/14/2025,CORRESPONDENCE /PHONE/EMAIL/IN,CLOSED,PES01,TRASH/DEBRIS ON PREMISES,1498178.005591,651581.002149,39.777028,-84.173604,R72 05209 0028
HOU2025-02501,22 URBANA AVE,2/14/2025,CORRESPONDENCE /PHONE/EMAIL/IN,CLOSED,PES01,HOUSING INSPECTION GENERAL INFORMATION,1502022.003481,653814.993416,39.783293,-84.159774,R72 05001 0019
HOU2025-02502,2057 BELLEFONTAINE AVE,2/14/2025,CORRESPONDENCE /PHONE/EMAIL/IN,CLOSED,PES01,EXTERIOR STRUCTURE PROBLEMS/DETERIORATED,1500963.007239,653860.000216,39.783413,-84.163711,R72 05106 0022
HOU2025-02504,75 ALASKA ST,2/14/2025,CORRESPONDENCE /PHONE/EMAIL/IN,CLOSED,PES01,OUTDOOR STORAGE,1499457.006314,651426.992614,39.776618,-84.169033,R72 05308 0033
HOU2025-02533,212 NOTRE DAME AVE,2/17/2025,RECHECK,OPEN,PES01,REINSPECTION REQUEST,1498754.001487,652835.000953,39.780456,-84.171430,R72 05214 0039
HOU2025-02549,528 DEEDS AVE,2/17/2025,RE-INSPECTION,CLOSED,PES01,REQUESTING REINSPECTION,1497372.994078,652465.001037,39.779407,-84.176255,R72 05203 0028
HOU2025-02550,444 DEEDS AVE,2/17/2025,RE-INSPECTION,CLOSED,PES01,REINSPECTION REQUEST,1497350.007575,652094.001779,39.778382,-84.176406,R72 05202 0010
HOU2025-02551,414 DEEDS AVE,2/17/2025,RE-INSPECTION,CLOSED,PES01,REINSPECTION REQUEST,1497333.000720,651824.992803,39.777557,-84.176441,R72 05202 0068
HOU2025-02553,410 DEEDS AVE,2/17/2025,RE-INSPECTION,CLOSED,PES01,REINSPECTION REQUEST,1497321.007633,651783.000433,39.777509,-84.176446,R72 05202 0019
HOU2025-02555,354 DEEDS AVE,2/17/2025,RE-INSPECTION,CLOSED,PES01,REINSPECTION REQUEST,1497279.998529,651398.992342,39.776459,-84.176550,R72 05403 0012
HOU2025-02556,348 DEEDS AVE,2/17/2025,RE-INSPECTION,CLOSED,PES01,REINSPECTION REQUEST,1497277.000504,651337.994761,39.776282,-84.176568,R72 05403 0014
HOU2025-02559,203 HART ST,2/17/2025,BOARDING REQUESTED,OPEN,PES01,VACANT STRUCTURE - OPEN,1497249.000231,651186.000314,39.775943,-84.176652,R72 05403 0024
HOU2025-02634,354 DEEDS AVE,2/18/2025,EMERGENCY REPAIR,OPEN,PES01,ELECTRIC - NONE,1497279.998529,651398.992342,39.776459,-84.176550,R72 05403 0012
HOU2025-02639,344 DEEDS AVE,2/18/2025,RE-INSPECTION,CLOSED,PES01,REQUESTING REINSPECTION,1497274.002150,651304.997452,39.776193,-84.176578,R72 05403 0015
HOU2025-02641,327 DEEDS AVE,2/18/2025,RE-INSPECTION,CLOSED,PES01,REINSPECTION REQUEST,1497139.997497,651086.991982,39.775637,-84.177234,R72 05411 0015
HOU2025-02643,243 DEEDS AVE,2/18/2025,RE-INSPECTION,CLOSED,PES01,REINSPECTION REQUEST,1497108.998871,650766.995903,39.774727,-84.177345,R72 05410 0009
HOU2025-02706,218 DEEDS AVE,2/19/2025,WARNING NOTICE,EXTENSION GRANTED,PES01,VEHICLE - PARKING IN THE YARD,1497187.002980,650529.001956,39.774050,-84.176854,R72 05405 0005
HOU2025-02707,142 DEEDS AVE,2/19/2025,WARNING NOTICE,EXTENSION GRANTED,PES01,"FENCE CONSTRUCTION, DAMAGED OR DETERIORA...",1497163.999745,650280.997531,39.773397,-84.176974,R72 05407 0001
HOU2025-02739,165 RITA ST,2/19/2025,RE-INSPECTION,CLOSED,PES01,REINSPECTION REQUEST,1499934.993219,652439.999119,39.779441,-84.167445,R72 05206 0057
HOU2025-02744,136 RITA ST,2/19/2025,RE-INSPECTION,CLOSED,PES01,REINSPECTION REQUEST,1500077.992605,652180.001279,39.778754,-84.166845,R72 05107 0055
HOU2025-02760,164 ALTON AVE,2/19/2025,RE-INSPECTION,CLOSED,PES01,REINSPECTION REQUEST,1499277.994533,651594.994247,39.777066,-84.169449,R72 05205 0012
HOU2025-02827,57 ALASKA ST,2/20/2025,CORRESPONDENCE /PHONE/EMAIL/IN,CLOSED,PES01,HOUSING INSPECTION GENERAL INFORMATION,1499452.992215,651282.993559,39.776211,-84.169076,R72 05308 0024
HOU2025-02833,2057 BELLEFONTAINE AVE,2/20/2025,CORRESPONDENCE /PHONE/EMAIL/IN,CLOSED,PES01,HOUSING INSPECTION GENERAL INFORMATION,1500963.007239,653860.000216,39.783413,-84.163711,R72 05106 0022
HOU2025-02835,75 ALASKA ST,2/20/2025,CORRESPONDENCE /PHONE/EMAIL/IN,CLOSED,PES01,HOUSING INSPECTION GENERAL INFORMATION,1499457.006314,651426.992614,39.776618,-84.169033,R72 05308 0033
HOU2025-02844,335 GROVE AVE,2/20/2025,CORRESPONDENCE /PHONE/EMAIL/IN,CLOSED,PES01,HOUSING INSPECTION GENERAL INFORMATION,1498312.993510,653040.996932,39.781032,-84.173195,R72 05211 0030
HOU2025-02851,20 URBANA AVE,2/20/2025,CORRESPONDENCE /PHONE/EMAIL/IN,CLOSED,PES01,HOUSING INSPECTION GENERAL INFORMATION,1501992.004197,653775.999399,39.783132,-84.159879,R72 05001 0021
HOU2025-02857,414 DEEDS AVE,2/20/2025,CORRESPONDENCE /PHONE/EMAIL/IN,CLOSED,PES01,HOUSING INSPECTION GENERAL INFORMATION,1497333.000720,651824.992803,39.777557,-84.176441,R72 05202 0068
HOU2025-02864,216 NOTRE DAME AVE,2/20/2025,RE-INSPECTION,CLOSED,PES01,REINSPECTION REQUEST,1498756.000498,652868.997604,39.780552,-84.171420,R72 05214 0038
HOU2025-02868,309 BALTIMORE ST,2/20/2025,RE-INSPECTION,CLOSED,PES01,REINSPECTION REQUEST,1498984.999712,653146.001972,39.781339,-84.170808,R72 05214 0046
HOU2025-02911,2048 BICKMORE AVE,2/21/2025,CORRESPONDENCE /PHONE/EMAIL/IN,CLOSED,PES01,WATER - NONE,1501091.998451,653942.002348,39.783604,-84.163259,R72 05106 0009
HOU2025-03013,212 NOTRE DAME AVE,2/24/2025,RECHECK,OPEN,PES01,REINSPECTION REQUEST,1498754.001487,652835.000953,39.780456,-84.171430,R72 05214 0039
HOU2025-03021,333 DELL ST,2/24/2025,RE-INSPECTION,CLOSED,PES01,REINSPECTION REQUEST,1498084.993638,649860.993450,39.772334,-84.173650,R72 05303 0051
HOU2025-03023,317 DELL ST,2/24/2025,RE-INSPECTION,CLOSED,PES01,REINSPECTION REQUEST,1497925.003801,649882.997343,39.772369,-84.174229,R72 05303 0050
HOU2025-03024,1246 HARKER ST,2/24/2025,RE-INSPECTION,CLOSED,PES01,REINSPECTION REQUEST,1498027.993752,654437.995123,39.784748,-84.174085,R72 16708 0022
HOU2025-03025,1237 HARKER ST,2/24/2025,RE-INSPECTION,CLOSED,PES01,REINSPECTION REQUEST,1497916.992006,654486.000276,39.784995,-84.174682,R72 16708 0029
HOU2025-03026,1258 HARKER ST,2/24/2025,RE-INSPECTION,CLOSED,PES01,REINSPECTION REQUEST,1498090.007080,654513.000878,39.784894,-84.173933,R72 16708 0020
HOU2025-03027,189 GROVE AVE,2/24/2025,RE-INSPECTION,CLOSED,PES01,REINSPECTION REQUEST,1498198.993410,651879.994005,39.777842,-84.173520,R72 05209 0019
HOU2025-03030,166 GROVE AVE,2/24/2025,RE-INSPECTION,CLOSED,PES01,REINSPECTION REQUEST,1498303.998778,651682.992759,39.777262,-84.172939,R72 05209 0041
HOU2025-03031,202 GROVE AVE,2/24/2025,RE-INSPECTION,CLOSED,PES01,REINSPECTION REQUEST,1498327.001684,652022.993391,39.778216,-84.172842,R72 05209 0032
HOU2025-03032,204 GROVE AVE,2/24/2025,RE-INSPECTION,CLOSED,PES01,REINSPECTION REQUEST,1498335.996417,652057.006774,39.778309,-84.172831,R72 05209 0031
HOU2025-03104,2048 BICKMORE AVE,2/25/2025,CORRESPONDENCE /PHONE/EMAIL/IN,CLOSED,PES01,WATER - NONE,1501091.998451,653942.002348,39.783604,-84.163259,R72 05106 0009
HOU2025-03108,327 DEEDS AVE,2/25/2025,CORRESPONDENCE /PHONE/EMAIL/IN,CLOSED,PES01,HOUSING INSPECTION GENERAL INFORMATION,1497139.997497,651086.991982,39.775637,-84.177234,R72 05411 0015
HOU2025-03114,1326 SCHAEFFER ST,2/25/2025,CORRESPONDENCE /PHONE/EMAIL/IN,CLOSED,PES01,HOUSING INSPECTION GENERAL INFORMATION,1497634.007664,653217.993298,39.781403,-84.175520,R72 05204 0083
HOU2025-03115,426 DEEDS AVE,2/25/2025,CORRESPONDENCE /PHONE/EMAIL/IN,CLOSED,PES01,HOUSING INSPECTION GENERAL INFORMATION,1497335.999073,651928.998500,39.777900,-84.176407,R72 05202 0015
HOU2025-03118,28 LIGHT ST,2/25/2025,NOT VALID,CLOSED,PES01,HOUSING INSPECTION GENERAL INFORMATION,1498027.993752,649983.005345,39.772573,-84.173898,R72 05303 0029
HOU2025-03133,24 BRIGHTON ST,2/25/2025,CORRESPONDENCE /PHONE/EMAIL/IN,CLOSED,PES01,HOUSING INSPECTION GENERAL INFORMATION,1500572.003100,652709.007767,39.780195,-84.164937,R72 05102 0013
HOU2025-03138,136 RITA ST,2/25/2025,CORRESPONDENCE /PHONE/EMAIL/IN,CLOSED,PES01,HOUSING INSPECTION GENERAL INFORMATION,1500077.992605,652180.001279,39.778754,-84.166845,R72 05107 0055
HOU2025-03149,147 GROVE AVE,2/25/2025,WARNING NOTICE,OPEN,PES01,OUTDOOR STORAGE,1498175.007238,651524.002263,39.776845,-84.173623,R72 05301 0063
HOU2025-03151,309 NOTRE DAME AVE,2/25/2025,BOARDING REQUESTED,OPEN,PES01,VACANT STRUCTURE - OPEN,1498652.994143,653171.003890,39.781401,-84.171986,R72 05214 0016
HOU2025-03152,317 BALTIMORE ST,2/25/2025,WARNING NOTICE,OPEN,PES01,OUTDOOR STORAGE,1498994.993787,653213.995602,39.781536,-84.170787,R72 05214 0044
HOU2025-03153,1246 HARKER ST,2/25/2025,WARNING NOTICE,OPEN,PES01,OUTDOOR STORAGE,1498027.993752,654437.995123,39.784748,-84.174085,R72 16708 0022
HOU2025-03156,1285 HARKER ST,2/25/2025,WARNING NOTICE,EXTENSION GRANTED,PES01,OUTDOOR STORAGE,1498167.438027,654764.184103,,,
HOU2025-03157,317 DELL ST,2/25/2025,CITATION,OPEN,PES01,OUTDOOR STORAGE,1497925.003801,649882.997343,39.772369,-84.174229,R72 05303 0050
HOU2025-03158,317 DELL ST,2/25/2025,CITATION,OPEN,PES01,OUTDOOR STORAGE,1497925.003801,649882.997343,39.772369,-84.174229,R72 05303 0050
HOU2025-03159,309 NOTRE DAME AVE,2/25/2025,WARNING NOTICE,OPEN,PES01,OUTDOOR STORAGE,1498652.994143,653171.003890,39.781401,-84.171986,R72 05214 0016
HOU2025-03168,23 LIGHT ST,2/25/2025,LEGAL ORDER,OPEN,PES01,VACANT LOT COMPLAINTS,1498002.991834,650083.996285,39.773062,-84.173970,R72 05303 0047
HOU2025-03171,309 NOTRE DAME AVE,2/25/2025,NOT VALID,ACTIVE,PES01,GARAGE SHED ACCESSORY STRUCTURE DETERIOR...,1498652.994143,653171.003890,39.781401,-84.171986,R72 05214 0016
HOU2025-03172,509 BRANDT ST,2/25/2025,RE-INSPECTION,CLOSED,PES01,REQUESTING REINSPECTION,1501514.001216,653940.003336,39.783787,-84.162010,R72 05114 0005
HOU2025-03182,544 TROY ST,2/25/2025,RE-INSPECTION,CLOSED,PES01,OUTDOOR STORAGE,1497966.996171,651548.004840,39.776779,-84.174138,R72 05301 0050
HOU2025-03184,544 TROY ST,2/25/2025,RE-INSPECTION,CLOSED,PES01,REINSPECTION REQUEST,1497966.996171,651548.004840,39.776779,-84.174138,R72 05301 0050
HOU2025-03188,216 NOTRE DAME AVE,2/25/2025,RE-INSPECTION,CLOSED,PES01,REINSPECTION REQUEST,1498756.000498,652868.997604,39.780552,-84.171420,R72 05214 0038
HOU2025-03254,203 ALASKA ST,2/26/2025,CORRESPONDENCE /PHONE/EMAIL/IN,CLOSED,PES01,VACANT STRUCTURE - OPEN,1499506.993747,651931.996854,39.778108,-84.168824,R72 05205 0017
HOU2025-03266,108 MACREADY AVE,2/26/2025,CORRESPONDENCE /PHONE/EMAIL/IN,CLOSED,PES01,VEHICLE - OTHER,1500092.000779,654949.995083,39.786287,-84.166956,R72 16705 0051
HOU2025-03268,39 MACREADY AVE,2/26/2025,CORRESPONDENCE /PHONE/EMAIL/IN,CLOSED,PES01,HOUSING INSPECTION GENERAL INFORMATION,1500013.996670,655148.995013,39.786951,-84.167112,R72 16705 0028
HOU2025-03269,2168 BICKMORE AVE,2/26/2025,RE-INSPECTION,CLOSED,PES01,REINSPECTION REQUEST,1502075.005671,653440.995804,39.782257,-84.159720,R72 05002 0091
HOU2025-03344,37 ALASKA ST,2/27/2025,RE-INSPECTION,CLOSED,PES01,REQUESTING REINSPECTION,1499435.002421,651131.998782,39.775804,-84.169136,R72 05308 0069
HOU2025-03348,505 BRANDT ST,2/27/2025,RE-INSPECTION,CLOSED,PES01,REINSPECTION REQUEST,1501489.998639,653894.996537,39.783575,-84.161915,R72 05106 0083
HOU2025-03350,1919 VALLEY ST,2/27/2025,RE-INSPECTION,CLOSED,PES01,REINSPECTION REQUEST,1504787.999261,654672.007778,39.786199,-84.150236,R72 16704 0048
HOU2025-03351,531 BALTIMORE ST,2/27/2025,RE-INSPECTION,CLOSED,PES01,REINSPECTION REQUEST,1499047.995977,654084.002392,39.783918,-84.170637,R72 05709 0046
HOU2025-03367,1229 SAINT ADALBERT AVE,2/27/2025,CORRESPONDENCE /PHONE/EMAIL/IN,CLOSED,PES01,OUTDOOR STORAGE,1502700.006062,654341.001878,39.784782,-84.157684,R72 16710 0012
HOU2025-03369,321 BRANDT ST,2/27/2025,BOARDING VERIFIED,CLOSED,PES01,REINSPECTION REQUEST,1501293.996735,653544.002160,39.782586,-84.162573,R72 05106 0065
HOU2025-03377,115 ALASKA ST,2/27/2025,BOARDING VERIFIED,CLOSED,PES01,REINSPECTION REQUEST,1499466.001047,651569.992328,39.777042,-84.168964,R72 05205 0027
HOU2025-03379,23 LIGHT ST,2/27/2025,BOARDING VERIFIED,CLOSED,PES01,REQUESTING REINSPECTION,1498002.991834,650083.996285,39.773062,-84.173970,R72 05303 0047
HOU2025-03384,244 AIR ST,2/27/2025,BOARDING VERIFIED,CLOSED,PES01,REINSPECTION REQUEST,1498224.994999,650398.994999,39.773588,-84.173263,R72 05302 0031
HOU2025-03391,917 TROY ST,2/27/2025,BOARDING VERIFIED,CLOSED,PES01,REQUESTING REINSPECTION,1497991.998089,653133.992481,39.781259,-84.174330,R72 05204 0140
HOU2025-03393,1330 LAMAR ST,2/27/2025,BOARDING VERIFIED,CLOSED,PES01,REINSPECTION REQUEST,1497636.006675,652946.002372,39.780653,-84.175481,R72 05204 0159
HOU2025-03414,117 RITA ST,2/27/2025,CORRESPONDENCE /PHONE/EMAIL/IN,CLOSED,PES01,OUTDOOR STORAGE,1499859.004198,652032.004528,39.778327,-84.167627,R72 05206 0069
HOU2025-03453,1209 CHAPEL ST,2/28/2025,RE-INSPECTION,CLOSED,PES01,REQUESTING REINSPECTION,1497279.998529,650852.995731,39.774968,-84.176705,R72 05410 0016
HOU2025-03456,747 TROY ST,2/28/2025,RE-INSPECTION,CLOSED,PES01,REINSPECTION REQUEST,1497944.992278,652519.002570,39.779573,-84.174502,R72 05203 0054
HOU2025-03457,1401 LEONHARD ST,2/28/2025,RE-INSPECTION,CLOSED,PES01,REQUESTING REINSPECTION,1497706.998331,652766.007981,39.780306,-84.175222,R72 05204 0126
HOU2025-03458,1301 LAMAR ST,2/28/2025,RE-INSPECTION,CLOSED,PES01,REQUESTING REINSPECTION,1497430.993634,653067.997863,39.781118,-84.176240,R72 05204 0085
HOU2025-03464,2076 BELLEFONTAINE AVE,2/28/2025,RE-INSPECTION,CLOSED,PES01,REINSPECTION REQUEST,1501145.000642,653605.999083,39.782665,-84.163077,R72 05106 0044
HOU2025-03465,311 BRANDT ST,2/28/2025,RE-INSPECTION,CLOSED,PES01,REQUESTING REINSPECTION,1501243.992898,653436.998109,39.782277,-84.162775,R72 05106 0068
HOU2025-03466,37 PAW PAW ST,2/28/2025,RE-INSPECTION,CLOSED,PES01,REINSPECTION REQUEST,1502324.992704,653819.007515,39.783317,-84.159092,R72 05001 0034
HOU2025-03468,224 HART ST,2/28/2025,RE-INSPECTION,CLOSED,PES01,REQUESTING REINSPECTION,1497426.995938,651059.008114,39.775486,-84.176120,R72 05403 0037
HOU2025-03470,1044 DODGSON CT,2/28/2025,RE-INSPECTION,CLOSED,PES01,REINSPECTION REQUEST,1500509.006507,652398.006749,39.779258,-84.165256,R72 05107 0012
HOU2025-03476,202 GROVE AVE,2/28/2025,RE-INSPECTION,CLOSED,PES01,HOUSE STRUCTURE DETERIORATED,1498327.001684,652022.993391,39.778216,-84.172842,R72 05209 0032
HOU2025-03485,58 BALTIMORE ST,2/28/2025,CORRESPONDENCE /PHONE/EMAIL/IN,CLOSED,PES01,REINSPECTION REQUEST,1498956.999440,651560.997268,39.776977,-84.170607,R72 05208 0044
HOU2025-03486,1326 SCHAEFFER ST,2/28/2025,CORRESPONDENCE /PHONE/EMAIL/IN,CLOSED,PES01,OUTDOOR STORAGE,1497634.007664,653217.993298,39.781403,-84.175520,R72 05204 0083
HOU2025-03495,218 DEEDS AVE,2/28/2025,CORRESPONDENCE /PHONE/EMAIL/IN,CLOSED,PES01,HOUSE STRUCTURE DETERIORATED,1497187.002980,650529.001956,39.774050,-84.176854,R72 05405 0005
HOU2025-03499,224 HART ST,2/28/2025,CORRESPONDENCE /PHONE/EMAIL/IN,CLOSED,PES01,HOUSING INSPECTION GENERAL INFORMATION,1497426.995938,651059.008114,39.775486,-84.176120,R72 05403 0037
HOU2025-03500,353 DELL ST,2/28/2025,CORRESPONDENCE /PHONE/EMAIL/IN,CLOSED,PES01,HOUSING INSPECTION GENERAL INFORMATION,1498260.007724,649836.007936,39.772298,-84.173057,R72 05303 0040
HOU2025-03501,142 DEEDS AVE,2/28/2025,CORRESPONDENCE /PHONE/EMAIL/IN,CLOSED,PES01,HOUSING INSPECTION GENERAL INFORMATION,1497163.999745,650280.997531,39.773397,-84.176974,R72 05407 0001
HOU2025-03538,306 BRANDT ST,2/28/2025,CORRESPONDENCE /PHONE/EMAIL/IN,CLOSED,PES01,HOUSING INSPECTION GENERAL INFORMATION,1501328.993056,653326.996032,39.781840,-84.162353,R72 05002 0046
HOU2025-03541,188 ALTON AVE,2/28/2025,WARNING NOTICE,OPEN,PES01,OUTDOOR STORAGE,1499302.996780,651794.993519,39.777626,-84.169390,R72 05205 0006
HOU2025-03543,203 ALASKA ST,2/28/2025,CORRESPONDENCE /PHONE/EMAIL/IN,CLOSED,PES01,HOUSING INSPECTION GENERAL INFORMATION,1499506.993747,651931.996854,39.778108,-84.168824,R72 05205 0017
HOU2025-03582,39 MACREADY AVE,3/3/2025,CORRESPONDENCE /PHONE/EMAIL/IN,ACTIVE,PES01,HOUSING INSPECTION GENERAL INFORMATION,1500013.996670,655148.995013,39.786951,-84.167112,R72 16705 0028
HOU2025-03606,209 DEEDS AVE,3/3/2025,RE-INSPECTION,CLOSED,PES01,REQUESTING REINSPECTION,1497080.998599,650453.062148,39.773888,-84.177440,R72 05404 0011
HOU2025-03618,212 NOTRE DAME AVE,3/3/2025,RECHECK,ACTIVE,PES01,REINSPECTION REQUEST,1498754.001487,652835.000953,39.780456,-84.171430,R72 05214 0039
HOU2025-03624,304 ALASKA ST,3/3/2025,CORRESPONDENCE /PHONE/EMAIL/IN,CLOSED,PES01,HOUSING INSPECTION GENERAL INFORMATION,1499710.008105,652677.993065,39.780082,-84.168048,R72 05212 0027
HOU2025-03665,84 BALTIMORE ST,3/3/2025,WARNING NOTICE,OPEN,PES01,OUTDOOR STORAGE,1498974.005968,651784.999444,,,
HOU2025-03681,108 MACREADY AVE,3/3/2025,CORRESPONDENCE /PHONE/EMAIL/IN,CLOSED,PES01,HOUSING INSPECTION GENERAL INFORMATION,1500092.000779,654949.995083,39.786287,-84.166956,R72 16705 0051
HOU2025-03765,120 MACREADY AVE,3/4/2025,CORRESPONDENCE /PHONE/EMAIL/IN,CLOSED,PES01,HOUSING INSPECTION GENERAL INFORMATION,1500188.994351,654884.000136,39.786106,-84.166599,R72 16705 0048
HOU2025-03793,13 NAAS PL,3/4/2025,WARNING NOTICE,OPEN,PES01,OUTDOOR STORAGE,1500147.001981,651982.000691,39.778240,-84.166500,R72 05109 0032
HOU2025-03966,241 DEEDS AVE,3/6/2025,CORRESPONDENCE /PHONE/EMAIL/IN,ACTIVE,BAR04,ILLEGAL OCCUPANCY,1497106.999859,650738.995631,39.774647,-84.177354,R72 05410 0010
HOU2025-04078,531 BALTIMORE ST,3/10/2025,CORRESPONDENCE /PHONE/EMAIL/IN,CLOSED,PES01,WATER - NONE,1499047.995977,654084.002392,39.783918,-84.170637,R72 05709 0046
HOU2025-04164,158 BALTIMORE ST,3/11/2025,EMERGENCY REPAIR,OPEN,PES01,WATER - NONE,1499045.997294,652448.993851,39.779409,-84.170359,R72 05207 0041
HOU2025-04180,212 NOTRE DAME AVE,3/11/2025,RECHECK,CLOSED,PES01,REINSPECTION REQUEST,1498754.001487,652835.000953,39.780456,-84.171430,R72 05214 0039
HOU2025-04181,317 DELL ST,3/11/2025,RECHECK,OPEN,PES01,REINSPECTION REQUEST,1497925.003801,649882.997343,39.772369,-84.174229,R72 05303 0050
HOU2025-04183,317 DELL ST,3/11/2025,RECHECK,OPEN,PES01,REQUESTING REINSPECTION,1497925.003801,649882.997343,39.772369,-84.174229,R72 05303 0050
HOU2025-04185,354 DEEDS AVE,3/11/2025,RECHECK,OPEN,PES01,REINSPECTION REQUEST,1497279.998529,651398.992342,39.776459,-84.176550,R72 05403 0012
HOU2025-04191,158 BALTIMORE ST,3/11/2025,CORRESPONDENCE /PHONE/EMAIL/IN,CLOSED,PES01,ELECTRIC - NONE,1499045.997294,652448.993851,39.779409,-84.170359,R72 05207 0041
HOU2025-04200,158 BALTIMORE ST,3/11/2025,CORRESPONDENCE /PHONE/EMAIL/IN,CLOSED,PES01,REINSPECTION REQUEST,1499045.997294,652448.993851,39.779409,-84.170359,R72 05207 0041
HOU2025-04203,158 BALTIMORE ST,3/11/2025,CORRESPONDENCE /PHONE/EMAIL/IN,CLOSED,PES01,WATER - NONE,1499045.997294,652448.993851,39.779409,-84.170359,R72 05207 0041
HOU2025-04245,207 ALTON AVE,3/11/2025,WARNING NOTICE,OPEN,PES01,OUTDOOR STORAGE,1499196.992070,651990.995423,39.778169,-84.169968,R72 05208 0048
HOU2025-04250,2026 BICKMORE AVE,3/11/2025,WARNING NOTICE,OPEN,PES01,OUTDOOR STORAGE,1500914.002744,654057.001462,39.783824,-84.163949,R72 05106 0003
HOU2025-04251,515 BENTLEY ST,3/11/2025,WARNING NOTICE,OPEN,PES01,OUTDOOR STORAGE,1501243.992898,654091.997783,39.784096,-84.162767,R72 05112 0001
HOU2025-04268,158 BALTIMORE ST,3/12/2025,NOT VALID,CLOSED,PES01,OUTDOOR STORAGE,1499045.997294,652448.993851,39.779409,-84.170359,R72 05207 0041
HOU2025-04302,158 BALTIMORE ST,3/12/2025,CORRESPONDENCE /PHONE/EMAIL/IN,CLOSED,PES01,WATER - NONE,1499045.997294,652448.993851,39.779409,-84.170359,R72 05207 0041
HOU2025-04304,158 BALTIMORE ST,3/12/2025,CORRESPONDENCE /PHONE/EMAIL/IN,CLOSED,PES01,WATER - NONE,1499045.997294,652448.993851,39.779409,-84.170359,R72 05207 0041
HOU2025-04307,158 BALTIMORE ST,3/12/2025,CORRESPONDENCE /PHONE/EMAIL/IN,CLOSED,PES01,NO UTILITIES,1499045.997294,652448.993851,39.779409,-84.170359,R72 05207 0041
HOU2025-04411,177 GROVE AVE,3/13/2025,CORRESPONDENCE /PHONE/EMAIL/IN,CLOSED,PES01,HOUSING INSPECTION GENERAL INFORMATION,1498191.997689,651781.001749,39.777623,-84.173543,R72 05209 0065
HOU2025-04429,3711 LAKEBEND DR,3/13/2025,CORRESPONDENCE /PHONE/EMAIL/IN,CLOSED,PES01,RODENTS INSECTS,1502712.998490,659160.994207,,,
HOU2025-04448,1322 SCHAEFFER ST,3/13/2025,CORRESPONDENCE /PHONE/EMAIL/IN,ACTIVE,PES01,OUTDOOR STORAGE,1497600.993950,653222.007397,39.781410,-84.175635,R72 05204 0082
HOU2025-04456,42 BALTIMORE ST,3/13/2025,CORRESPONDENCE /PHONE/EMAIL/IN,CLOSED,PES01,EXTERIOR STRUCTURE PROBLEMS/DETERIORATED,1498952.002075,651419.996565,39.776585,-84.170647,R72 05307 0015
HOU2025-04463,23 LIGHT ST,3/13/2025,CORRESPONDENCE /PHONE/EMAIL/IN,CLOSED,PES01,HOUSING INSPECTION GENERAL INFORMATION,1498002.991834,650083.996285,39.773062,-84.173970,R72 05303 0047
HOU2025-04479,1056 GERHARD ST,3/13/2025,CORRESPONDENCE /PHONE/EMAIL/IN,CLOSED,PES01,EXTERIOR INSPECTION,1500767.005335,652841.996674,39.780488,-84.164303,R72 05102 0003
HOU2025-04501,1285 HARKER ST,3/14/2025,CORRESPONDENCE /PHONE/EMAIL/IN,CLOSED,PES01,HOUSING INSPECTION GENERAL INFORMATION,1498167.438027,654764.184103,,,
HOU2025-04502,2057 BELLEFONTAINE AVE,3/14/2025,CORRESPONDENCE /PHONE/EMAIL/IN,CLOSED,PES01,HOUSING INSPECTION GENERAL INFORMATION,1500963.007239,653860.000216,39.783413,-84.163711,R72 05106 0022
HOU2025-04504,1546 CHAPEL ST,3/14/2025,CORRESPONDENCE /PHONE/EMAIL/IN,CLOSED,PES01,EXTERIOR INSPECTION,1498640.001715,650622.996847,39.774333,-84.171731,R72 05306 0019
HOU2025-04543,915 VALLEY ST,3/14/2025,CORRESPONDENCE /PHONE/EMAIL/IN,OPEN,PES01,OUTDOOR STORAGE,1500438.997788,652144.005616,39.778881,-84.165471,R72 05107 0025
HOU2025-04561,1326 SCHAEFFER ST,3/14/2025,CORRESPONDENCE /PHONE/EMAIL/IN,CLOSED,PES01,TRASH IN YARD OR NEAR ALLEY,1497634.007664,653217.993298,39.781403,-84.175520,R72 05204 0083
HOU2025-04562,75 ALASKA ST,3/14/2025,CORRESPONDENCE /PHONE/EMAIL/IN,CLOSED,PES01,OUTDOOR STORAGE,1499457.006314,651426.992614,39.776618,-84.169033,R72 05308 0033
HOU2025-04608,177 GROVE AVE,3/17/2025,RE-INSPECTION,CLOSED,PES01,REINSPECTION REQUEST,1498191.997689,651781.001749,39.777623,-84.173543,R72 05209 0065
HOU2025-04609,1519 LEO ST,3/17/2025,RE-INSPECTION,CLOSED,PES01,REINSPECTION REQUEST,1498318.006952,653530.993328,39.782482,-84.173085,R72 05710 0002
HOU2025-04611,1833 LEO ST,3/17/2025,RE-INSPECTION,CLOSED,PES01,REINSPECTION REQUEST,1499417.995893,653444.993500,39.782247,-84.169251,R72 05711 0025
HOU2025-04613,1903 LEO ST,3/17/2025,RE-INSPECTION,CLOSED,PES01,REINSPECTION REQUEST,1499673.996038,653423.006339,39.782211,-84.168283,R72 05711 0005
HOU2025-04615,1907 LEO ST,3/17/2025,RE-INSPECTION,CLOSED,PES01,REINSPECTION REQUEST,1499707.992689,653424.005681,39.782200,-84.168076,R72 05711 0035
HOU2025-04617,140 KELLY AVE,3/17/2025,RE-INSPECTION,CLOSED,PES01,REINSPECTION REQUEST,1499922.000463,655424.000697,39.787607,-84.167574,R72 16706 0027
HOU2025-04619,1326 LAMAR ST,3/17/2025,RE-INSPECTION,CLOSED,PES01,REINSPECTION REQUEST,1497606.007391,652946.002372,39.780660,-84.175595,R72 05204 0158
HOU2025-04666,75 ALASKA ST,3/17/2025,RE-INSPECTION,CLOSED,PES01,REINSPECTION REQUEST,1499457.006314,651426.992614,39.776618,-84.169033,R72 05308 0033
HOU2025-04667,224 HART ST,3/17/2025,RE-INSPECTION,CLOSED,PES01,REINSPECTION REQUEST,1497426.995938,651059.008114,39.775486,-84.176120,R72 05403 0037
HOU2025-04710,241 DEEDS AVE,3/18/2025,CORRESPONDENCE /PHONE/EMAIL/IN,ACTIVE,BAR04,RESIDENTIAL ZONING PROBLEMS,1497106.999859,650738.995631,39.774647,-84.177354,R72 05410 0010
HOU2025-04730,230 AIR ST,3/18/2025,WARNING NOTICE,OPEN,PES01,TRASH/DEBRIS ON PREMISES,1498130.000438,650409.005477,39.773605,-84.173552,R72 05302 0028
HOU2025-04732,1109 SAINT ADALBERT AVE,3/18/2025,VLM/PUBLIC WORKS,CLOSED,PES01,EXTERIOR INSPECTION,1502876.003085,653879.005755,39.783542,-84.156947,R72 16710 0004
HOU2025-04735,23 LIGHT ST,3/18/2025,BOARDING REQUESTED,OPEN,PES01,VACANT STRUCTURE - OPEN,1498002.991834,650083.996285,39.773062,-84.173970,R72 05303 0047
HOU2025-04736,21 LIGHT ST,3/18/2025,BOARDING REQUESTED,OPEN,PES01,VACANT STRUCTURE - OPEN,1497981.004345,650083.996285,39.773066,-84.174041,R72 05303 0006
HOU2025-04773,49 LIGHT ST,3/18/2025,RE-INSPECTION,CLOSED,PES01,REINSPECTION REQUEST,1498265.004761,650056.995354,39.773006,-84.173017,R72 05303 0013
HOU2025-04775,41 LIGHT ST,3/18/2025,RE-INSPECTION,CLOSED,PES01,REINSPECTION REQUEST,1498188.999336,650064.007808,39.773022,-84.173300,R72 05303 0011
HOU2025-04779,1614 LEONHARD ST,3/18/2025,RE-INSPECTION,CLOSED,PES01,REINSPECTION REQUEST,1498526.001943,652653.007223,39.779888,-84.172318,R72 05210 0072
HOU2025-04781,1321 LEONHARD ST,3/18/2025,RE-INSPECTION,CLOSED,PES01,REQUESTING REINSPECTION,1497559.001908,652781.998763,39.780337,-84.175743,R72 05204 0098
HOU2025-04858,1302 RAY ST,3/19/2025,RE-INSPECTION,CLOSED,PES01,REINSPECTION REQUEST,1497287.993920,651621.995177,39.776981,-84.176659,R72 05403 0001
HOU2025-04860,26 MACREADY AVE,3/19/2025,RE-INSPECTION,CLOSED,PES01,REINSPECTION REQUEST,1499759.995538,655182.991992,39.786906,-84.168174,R72 16706 0050
HOU2025-04864,152 NOTRE DAME AVE,3/19/2025,NOT VALID,CLOSED,PES01,TRASH IN YARD OR NEAR ALLEY,1498699.000612,652433.003070,39.779378,-84.171539,R72 05207 0007
HOU2025-04947,420 MARYLAND AVE,3/20/2025,CORRESPONDENCE /PHONE/EMAIL/IN,CLOSED,PES01,OUTDOOR STORAGE,1497586.002510,651319.005626,39.776226,-84.175444,R72 05403 0044
HOU2025-04949,125 ALASKA ST,3/20/2025,WARNING NOTICE,OPEN,PES01,OUTDOOR STORAGE,1499480.992487,651676.996051,39.777323,-84.168935,R72 05205 0024
HOU2025-04955,211 MARYLAND AVE,3/20/2025,RE-INSPECTION,CLOSED,PES01,REQUESTING REINSPECTION,1497347.992159,649997.996457,39.772624,-84.176444,R72 05407 0025
HOU2025-04956,324 MARYLAND AVE,3/20/2025,RE-INSPECTION,CLOSED,PES01,REQUESTING REINSPECTION,1497517.992476,650537.996689,39.774152,-84.175654,R72 05405 0030
HOU2025-04957,423 MARYLAND AVE,3/20/2025,RE-INSPECTION,CLOSED,PES01,REINSPECTION REQUEST,1497476.066050,651351.036402,39.776342,-84.176073,R72 05403 0020
HOU2025-04958,439 MARYLAND AVE,3/20/2025,RE-INSPECTION,CLOSED,PES01,REINSPECTION REQUEST,1497487.993520,651483.992500,39.776692,-84.176037,R72 05403 0016
HOU2025-04959,521 MARYLAND AVE,3/20/2025,RE-INSPECTION,CLOSED,PES01,REINSPECTION REQUEST,1497527.003941,651879.994005,39.777834,-84.175925,R72 05201 0062
HOU2025-04960,551 MARYLAND AVE,3/20/2025,RE-INSPECTION,CLOSED,PES01,REINSPECTION REQUEST,1497546.992418,652116.005344,39.778378,-84.175804,R72 05201 0057
HOU2025-04961,635 MARYLAND AVE,3/20/2025,RE-INSPECTION,CLOSED,PES01,REINSPECTION REQUEST,1497587.002180,652488.004272,39.779465,-84.175760,R72 05203 0036
HOU2025-04962,170 NOTRE DAME AVE,3/20/2025,RE-INSPECTION,CLOSED,PES01,REINSPECTION REQUEST,1498720.004835,652578.001467,39.779751,-84.171501,R72 05207 0003
HOU2025-04965,224 NOTRE DAME AVE,3/20/2025,RE-INSPECTION,CLOSED,PES01,REINSPECTION REQUEST,1498758.998852,652933.992881,39.780744,-84.171400,R72 05214 0036
HOU2025-04992,324 MARYLAND AVE,3/21/2025,CORRESPONDENCE /PHONE/EMAIL/IN,CLOSED,PES01,HOUSING INSPECTION GENERAL INFORMATION,1497517.992476,650537.996689,39.774152,-84.175654,R72 05405 0030
HOU2025-04994,42 BALTIMORE ST,3/21/2025,CORRESPONDENCE /PHONE/EMAIL/IN,CLOSED,PES01,HOUSING INSPECTION GENERAL INFORMATION,1498952.002075,651419.996565,39.776585,-84.170647,R72 05307 0015
HOU2025-05000,335 GROVE AVE,3/21/2025,CORRESPONDENCE /PHONE/EMAIL/IN,CLOSED,PES01,HOUSING INSPECTION GENERAL INFORMATION,1498312.993510,653040.996932,39.781032,-84.173195,R72 05211 0030
HOU2025-05021,211 MARYLAND AVE,3/21/2025,CORRESPONDENCE /PHONE/EMAIL/IN,CLOSED,PES01,HOUSING INSPECTION GENERAL INFORMATION,1497347.992159,649997.996457,39.772624,-84.176444,R72 05407 0025
HOU2025-05049,324 MARYLAND AVE,3/21/2025,CORRESPONDENCE /PHONE/EMAIL/IN,CLOSED,PES01,HOUSING INSPECTION GENERAL INFORMATION,1497517.992476,650537.996689,39.774152,-84.175654,R72 05405 0030
HOU2025-05052,423 MARYLAND AVE,3/21/2025,CORRESPONDENCE /PHONE/EMAIL/IN,CLOSED,PES01,HOUSING INSPECTION GENERAL INFORMATION,1497476.066050,651351.036402,39.776342,-84.176073,R72 05403 0020
HOU2025-05090,39 MACREADY AVE,3/24/2025,RECHECK,CLOSED,JER01,JUNKED ABANDONED,1500013.996670,655148.995013,39.786951,-84.167112,R72 16705 0028
HOU2025-05091,115 ALASKA ST,3/24/2025,RECHECK,CLOSED,JER01,TRASH IN YARD OR NEAR ALLEY,1499466.001047,651569.992328,39.777042,-84.168964,R72 05205 0027
HOU2025-05092,317 DELL ST,3/24/2025,RECHECK,CLOSED,JER01,TRASH/DEBRIS ON PREMISES,1497925.003801,649882.997343,39.772369,-84.174229,R72 05303 0050
HOU2025-05138,1044 DODGSON CT,3/24/2025,CORRESPONDENCE /PHONE/EMAIL/IN,ACTIVE,SIM06,TRASH IN YARD OR NEAR ALLEY,1500509.006507,652398.006749,39.779258,-84.165256,R72 05107 0012
HOU2025-05198,2040 BELLEFONTAINE AVE,3/25/2025,SURVEY,CLOSED,BAS02,FIRE DAMAGED STRUCTURE,1500815.993426,653779.997095,39.783161,-84.164271,R72 05106 0035
HOU2025-05285,2149 BELLEFONTAINE AVE,3/25/2025,SURVEY,CLOSED,BAR04,REINSPECTION REQUEST,1501821.004539,653359.993342,39.782136,-84.160535,R72 05002 0077
HOU2025-05293,118 DEEDS AVE,3/25/2025,SURVEY,CLOSED,BAR04,REINSPECTION REQUEST,1497143.995192,650083.996285,39.772838,-84.176922,R72 05407 0007
HOU2025-05363,1432 VALLEY ST,3/25/2025,USE NUISANCE,ACTIVE,HAL04,Use Caution When Dealing With This Property,1502636.993064,653474.992784,39.782327,-84.157661,R72 05005 0009
HOU2025-05385,125 SEMLER ST,3/25/2025,POLICE/MEDIATION,ACTIVE,BAR04,DRUG HOUSE,1504554.003010,655092.994469,39.786965,-84.151117,R72 16711 0040
HOU2025-05460,1034 DODGSON CT,3/26/2025,SURVEY,OPEN,WAR12,FIRE DAMAGED STRUCTURE,1500424.006349,652435.001753,39.779312,-84.165613,R72 05107 0009
HOU2025-05729,1044 DODGSON CT,3/31/2025,RECHECK,CLOSED,PES01,REINSPECTION REQUEST,1500509.006507,652398.006749,39.779258,-84.165256,R72 05107 0012
HOU2025-05744,123 ALASKA ST,3/31/2025,RECHECK,CLOSED,PES01,REINSPECTION REQUEST,1499485.006586,651641.000389,39.777230,-84.168945,R72 05205 0025
HOU2025-05747,117 ALASKA ST,3/31/2025,CITATION,OPEN,PES01,OUTDOOR STORAGE,1499471.997754,651597.992601,39.777137,-84.168954,R72 05205 0026
HOU2025-05754,1815 WARNER AVE,3/31/2025,BOARDING REQUESTED,OPEN,PES01,VACANT STRUCTURE - OPEN,1499121.003049,651962.995151,39.778075,-84.169979,R72 05208 0049
HOU2025-05755,1815 WARNER AVE,3/31/2025,WARNING NOTICE,OPEN,PES01,OUTDOOR STORAGE,1499121.003049,651962.995151,39.778075,-84.169979,R72 05208 0049
HOU2025-05760,1042 DODGSON CT,3/31/2025,WARNING NOTICE,OPEN,PES01,OUTDOOR STORAGE,1500481.006235,652408.001151,39.779297,-84.165370,R72 05107 0011
HOU2025-05787,244 AIR ST,3/31/2025,BOARDING REQUESTED,OPEN,PES01,VACANT STRUCTURE - OPEN,1498224.994999,650398.994999,39.773588,-84.173263,R72 05302 0031
HOU2025-05798,420 MARYLAND AVE,3/31/2025,CORRESPONDENCE /PHONE/EMAIL/IN,CLOSED,PES01,OUTDOOR STORAGE,1497586.002510,651319.005626,39.776226,-84.175444,R72 05403 0044
HOU2025-05900,2602 COMPTON ST,4/1/2025,CITATION,OPEN,PES01,OUTDOOR STORAGE,1502769.998376,653263.999439,39.781795,-84.157316,R72 05009 0001
HOU2025-05922,339 DEEDS AVE,4/1/2025,WARNING NOTICE,OPEN,PES01,OUTDOOR STORAGE,1497155.005013,651206.005196,,,
HOU2025-05924,119 VALLEY ST,4/1/2025,RE-INSPECTION,OPEN,PES01,EXTERIOR STRUCTURE PROBLEMS/DETERIORATED,1497557.002896,649146.995206,39.770356,-84.175592,R72 05409 0010
HOU2025-05937,2153 BELLEFONTAINE AVE,4/1/2025,RE-INSPECTION,CLOSED,PES01,REINSPECTION REQUEST,1501848.005141,653340.004865,39.782073,-84.160373,R72 05002 0076
HOU2025-05938,2602 COMPTON ST,4/1/2025,RE-INSPECTION,CLOSED,PES01,REINSPECTION REQUEST,1502769.998376,653263.999439,39.781795,-84.157316,R72 05009 0001
HOU2025-05940,337 DEEDS AVE,4/1/2025,RE-INSPECTION,CLOSED,PES01,REINSPECTION REQUEST,1497152.006659,651185.000972,39.775855,-84.177223,R72 05411 0009
HOU2025-05942,1306 RAY ST,4/1/2025,RE-INSPECTION,CLOSED,PES01,REINSPECTION REQUEST,1497319.991887,651617.997482,39.776975,-84.176548,R72 05403 0002
HOU2025-05943,1302 SCHAEFFER ST,4/1/2025,RE-INSPECTION,CLOSED,PES01,REINSPECTION REQUEST,1497448.999503,653238.997521,39.781444,-84.176208,R72 05204 0077
HOU2025-05946,1330 SCHAEFFER ST,4/1/2025,RE-INSPECTION,CLOSED,PES01,REINSPECTION REQUEST,1497668.004643,653211.996590,39.781396,-84.175406,R72 05204 0084
HOU2025-05948,1020 SAINT ADALBERT AVE,4/1/2025,RE-INSPECTION,CLOSED,PES01,REINSPECTION REQUEST,1503108.999994,653542.003148,39.782647,-84.155932,R72 05008 0027
HOU2025-06032,528 TROY ST,4/2/2025,RE-INSPECTION,CLOSED,PES01,REQUESTING REINSPECTION,1497951.005389,651365.995033,39.776372,-84.174180,R72 05301 0044
HOU2025-06034,2047 STEGMAN AVE,4/2/2025,RE-INSPECTION,CLOSED,PES01,REQUESTING REINSPECTION,1501027.003174,653466.997393,39.782390,-84.163433,R72 05106 0057
HOU2025-06035,2019 STEGMAN AVE,4/2/2025,RE-INSPECTION,CLOSED,PES01,REINSPECTION REQUEST,1500740.004404,653605.999083,39.782759,-84.164455,R72 05106 0050
HOU2025-06036,2011 STEGMAN AVE,4/2/2025,RE-INSPECTION,CLOSED,PES01,REINSPECTION REQUEST,1500667.996674,653605.999083,39.782778,-84.164717,R72 05106 0048
HOU2025-06142,166 GROVE AVE,4/3/2025,BOARDING VERIFIED,OPEN,PES01,REINSPECTION REQUEST,1498303.998778,651682.992759,39.777262,-84.172939,R72 05209 0041
HOU2025-06143,23 MACREADY AVE,4/3/2025,WARNING NOTICE,OPEN,PES01,PARKING IN THE GRASS,1499752.999489,655320.994341,39.787435,-84.168063,R72 16706 0041
HOU2025-06150,309 NOTRE DAME AVE,4/3/2025,BOARDING REQUESTED,OPEN,PES01,VACANT STRUCTURE - OPEN,1498652.994143,653171.003890,39.781401,-84.171986,R72 05214 0016
HOU2025-06199,353 DELL ST,4/4/2025,CORRESPONDENCE /PHONE/EMAIL/IN,CLOSED,PES01,HOUSING INSPECTION GENERAL INFORMATION,1498260.007724,649836.007936,39.772298,-84.173057,R72 05303 0040
HOU2025-06205,2146 BELLEFONTAINE AVE,4/4/2025,CORRESPONDENCE /PHONE/EMAIL/IN,CLOSED,PES01,HOUSE STRUCTURE DETERIORATED,1501731.007015,653291.999711,39.781806,-84.161007,R72 05002 0032
HOU2025-06211,1306 RAY ST,4/4/2025,CORRESPONDENCE /PHONE/EMAIL/IN,CLOSED,PES01,HOUSING INSPECTION GENERAL INFORMATION,1497319.991887,651617.997482,39.776975,-84.176548,R72 05403 0002
HOU2025-06214,1614 LEONHARD ST,4/4/2025,CORRESPONDENCE /PHONE/EMAIL/IN,CLOSED,PES01,HOUSING INSPECTION GENERAL INFORMATION,1498526.001943,652653.007223,39.779888,-84.172318,R72 05210 0072
HOU2025-06292,1330 SCHAEFFER ST,4/7/2025,CORRESPONDENCE /PHONE/EMAIL/IN,CLOSED,PES01,EXTERIOR STRUCTURE PROBLEMS/DETERIORATED,1497668.004643,653211.996590,39.781396,-84.175406,R72 05204 0084
HOU2025-06315,1246 HARKER ST,4/7/2025,CITATION,OPEN,PES01,OUTDOOR STORAGE,1498027.993752,654437.995123,39.784748,-84.174085,R72 16708 0022
HOU2025-06320,58 URBANA AVE,4/7/2025,RE-INSPECTION,CLOSED,PES01,REINSPECTION REQUEST,1502198.999846,654094.996137,39.784062,-84.159281,R72 05113 0005
HOU2025-06323,1079 VALLEY ST,4/7/2025,RE-INSPECTION,CLOSED,PES01,REINSPECTION REQUEST,1501305.006883,652780.999093,39.780471,-84.162518,R72 05103 0004
HOU2025-06325,1085 VALLEY ST,4/7/2025,RE-INSPECTION,CLOSED,PES01,REINSPECTION REQUEST,1501374.999197,652817.994098,39.780619,-84.162344,R72 05103 0006
HOU2025-06327,1101 VALLEY ST,4/7/2025,RE-INSPECTION,CLOSED,PES01,REQUESTING REINSPECTION,1501523.995290,652928.995844,39.780887,-84.161749,R72 05002 0065
HOU2025-06331,933 TROY ST,4/7/2025,RE-INSPECTION,CLOSED,PES01,REINSPECTION REQUEST,1498015.001324,653312.004592,39.781739,-84.174281,R72 05204 0136
HOU2025-06335,925 TROY ST,4/7/2025,RE-INSPECTION,CLOSED,PES01,REINSPECTION REQUEST,1497996.995127,653196.005809,39.781431,-84.174312,R72 05204 0138
HOU2025-06427,17 WOODSDALE RD,4/8/2025,RE-INSPECTION,CLOSED,PES01,REINSPECTION REQUEST,1501371.001502,657577.005577,39.793691,-84.162463,R72 17018 0054
HOU2025-06522,124 VALLEYCREST DR,4/9/2025,BOARDING REQUESTED,OPEN,PES01,VACANT STRUCTURE - OPEN,1504329.001491,654971.998648,39.786615,-84.151736,R72 16711 0029
HOU2025-06527,2013 VALLEY ST,4/9/2025,BOARDING REQUESTED,OPEN,PES01,VACANT STRUCTURE - OPEN,1505170.991933,654949.995083,,,
HOU2025-06528,1837 VALLEY ST,4/9/2025,CORRESPONDENCE /PHONE/EMAIL/IN,CLOSED,PES01,HOUSING INSPECTION GENERAL INFORMATION,1504334.998199,654354.993648,39.785018,-84.151799,R72 16711 0004
HOU2025-06531,124 VALLEYCREST DR,4/9/2025,WARNING NOTICE,OPEN,PES01,OUTDOOR STORAGE,1504329.001491,654971.998648,39.786615,-84.151736,R72 16711 0029
HOU2025-06532,409 VALLEYCREST DR,4/9/2025,RE-INSPECTION,CLOSED,PES01,REINSPECTION REQUEST,1504298.003194,656494.006759,39.790767,-84.152673,R72 16704 0010
HOU2025-06533,124 VALLEYCREST DR,4/9/2025,RE-INSPECTION,CLOSED,PES01,REINSPECTION REQUEST,1504329.001491,654971.998648,39.786615,-84.151736,R72 16711 0029
HOU2025-06545,339 DEEDS AVE,4/9/2025,CORRESPONDENCE /PHONE/EMAIL/IN,CLOSED,PES01,HOUSING INSPECTION GENERAL INFORMATION,1497155.005013,651206.005196,,,
HOU2025-06547,1614 LEONHARD ST,4/9/2025,CORRESPONDENCE /PHONE/EMAIL/IN,CLOSED,PES01,HOUSING INSPECTION GENERAL INFORMATION,1498526.001943,652653.007223,39.779888,-84.172318,R72 05210 0072
HOU2025-06548,320 NOTRE DAME AVE,4/9/2025,CORRESPONDENCE /PHONE/EMAIL/IN,CLOSED,PES01,HOUSING INSPECTION GENERAL INFORMATION,1498792.995503,653268.996476,39.781662,-84.171307,R72 05214 0028
HOU2025-06671,2033 VALLEY ST,4/10/2025,RE-INSPECTION,CLOSED,PES01,REINSPECTION REQUEST,1505479.993940,655216.005706,,,
HOU2025-06678,1420 VALLEY ST,4/10/2025,RE-INSPECTION,CLOSED,PES01,REQUESTING REINSPECTION,1502540.999490,653422.006669,39.782170,-84.157976,R72 05005 0006
HOU2025-06898,117 ALASKA ST,4/14/2025,RECHECK,OPEN,PES01,REINSPECTION REQUEST,1499471.997754,651597.992601,39.777137,-84.168954,R72 05205 0026
HOU2025-06899,2602 COMPTON ST,4/14/2025,RECHECK,OPEN,PES01,REINSPECTION REQUEST,1502769.998376,653263.999439,39.781795,-84.157316,R72 05009 0001
HOU2025-06900,108 MACREADY AVE,4/14/2025,RECHECK,OPEN,PES01,REINSPECTION REQUEST,1500092.000779,654949.995083,39.786287,-84.166956,R72 16705 0051
HOU2025-07238,20 URBANA AVE,4/17/2025,CORRESPONDENCE /PHONE/EMAIL/IN,CLOSED,PES01,HOUSING INSPECTION GENERAL INFORMATION,1501992.004197,653775.999399,39.783132,-84.159879,R72 05001 0021
HOU2025-07239,933 TROY ST,4/17/2025,CORRESPONDENCE /PHONE/EMAIL/IN,CLOSED,PES01,HOUSING INSPECTION GENERAL INFORMATION,1498015.001324,653312.004592,39.781739,-84.174281,R72 05204 0136
HOU2025-07240,1420 VALLEY ST,4/17/2025,CORRESPONDENCE /PHONE/EMAIL/IN,CLOSED,PES01,HOUSING INSPECTION GENERAL INFORMATION,1502540.999490,653422.006669,39.782170,-84.157976,R72 05005 0006
HOU2025-07241,1217 VALLEY ST,4/17/2025,CORRESPONDENCE /PHONE/EMAIL/IN,CLOSED,PES01,HOUSING INSPECTION GENERAL INFORMATION,1501886.999158,653145.002630,39.781513,-84.160453,R72 05002 0026
HOU2025-07250,211 MARYLAND AVE,4/17/2025,CORRESPONDENCE /PHONE/EMAIL/IN,CLOSED,PES01,HOUSING INSPECTION GENERAL INFORMATION,1497347.992159,649997.996457,39.772624,-84.176444,R72 05407 0025
HOU2025-07358,22 URBANA AVE,4/21/2025,CITATION,OPEN,PES01,OUTDOOR STORAGE,1502022.003481,653814.993416,39.783293,-84.159774,R72 05001 0019
HOU2025-07380,1432 VALLEY ST,4/21/2025,BOARDING REQUESTED,CLOSED,PES01,VACANT STRUCTURE - OPEN,1502636.993064,653474.992784,39.782327,-84.157661,R72 05005 0009
HOU2025-07383,1432 VALLEY ST,4/21/2025,BOARDING VERIFIED,CLOSED,PES01,VACANT STRUCTURE - OPEN,1502636.993064,653474.992784,39.782327,-84.157661,R72 05005 0009
HOU2025-07501,614 TROY ST,4/22/2025,NEW,ACTIVE,PES01,STRUCTURAL NUISANCE,1497979.005661,651737.993633,39.777423,-84.174072,R72 05209 0011
HOU2025-07503,1815 WARNER AVE,4/22/2025,CITATION,OPEN,PES01,OUTDOOR STORAGE,1499121.003049,651962.995151,39.778075,-84.169979,R72 05208 0049
HOU2025-07506,"239 VALLEY ST DAYTON, OH 45404-1838",4/22/2025,CITATION,OPEN,PES01,OUTDOOR STORAGE,1499121.003049,651962.995151,,,
HOU2025-07637,121 RITA ST,4/24/2025,CORRESPONDENCE /PHONE/EMAIL/IN,CLOSED,JER01,HOUSING INSPECTION GENERAL INFORMATION,1499864.001235,652069.999202,39.778420,-84.167612,R72 05206 0068
HOU2025-07695,121 RITA ST,4/24/2025,CITATION,OPEN,PES01,OUTDOOR STORAGE,1499864.001235,652069.999202,39.778420,-84.167612,R72 05206 0068
HOU2025-07704,215 EDMUND ST,4/24/2025,NOT VALID,CLOSED,PES01,TRASH/DEBRIS ON PREMISES,1497766.996571,652184.998316,39.778632,-84.175034,R72 05201 0016
HOU2025-07760,1352 SAINT ADALBERT AVE,4/25/2025,CORRESPONDENCE /PHONE/EMAIL/IN,CLOSED,PES01,HOUSING INSPECTION GENERAL INFORMATION,1502317.996655,654816.006834,39.786177,-84.158950,R72 16709 0044
HOU2025-07762,817 TROY ST,4/25/2025,CORRESPONDENCE /PHONE/EMAIL/IN,CLOSED,PES01,HOUSING INSPECTION GENERAL INFORMATION,1497965.996829,652863.001225,39.780512,-84.174406,R72 05204 0147
HOU2025-07771,420 MARYLAND AVE,4/25/2025,CORRESPONDENCE /PHONE/EMAIL/IN,CLOSED,PES01,HOUSING INSPECTION GENERAL INFORMATION,1497586.002510,651319.005626,39.776226,-84.175444,R72 05403 0044
HOU2025-07772,240 ALASKA ST,4/25/2025,CORRESPONDENCE /PHONE/EMAIL/IN,CLOSED,PES01,HOUSING INSPECTION GENERAL INFORMATION,1499671.997026,652255.007363,39.778914,-84.168101,R72 05206 0046
HOU2025-07923,1246 HARKER ST,4/28/2025,RECHECK,OPEN,PES01,REINSPECTION REQUEST,1498027.993752,654437.995123,39.784748,-84.174085,R72 16708 0022
HOU2025-07928,18 WOODSDALE RD,4/28/2025,RECHECK,OPEN,PES01,REINSPECTION REQUEST,1501363.006111,657448.997303,39.793231,-84.162518,R72 17018 0005
HOU2025-07931,2602 COMPTON ST,4/28/2025,RECHECK,CLOSED,PES01,REQUESTING REINSPECTION,1502769.998376,653263.999439,39.781795,-84.157316,R72 05009 0001
HOU2025-07973,614 TROY ST,4/28/2025,BOARDING VERIFIED,CLOSED,PES01,REINSPECTION REQUEST,1497979.005661,651737.993633,39.777423,-84.174072,R72 05209 0011
HOU2025-08187,100 ALTON AVE,4/29/2025,CORRESPONDENCE /PHONE/EMAIL/IN,CLOSED,PES01,ILLEGAL REPAIRS,1499209.001561,650983.002689,39.775410,-84.169756,R72 05308 0013
HOU2025-08495,124 VALLEYCREST DR,5/2/2025,CORRESPONDENCE /PHONE/EMAIL/IN,CLOSED,PES01,HOUSING INSPECTION GENERAL INFORMATION,1504329.001491,654971.998648,39.786615,-84.151736,R72 16711 0029
HOU2025-08572,125 SEMLER ST,5/2/2025,CORRESPONDENCE /PHONE/EMAIL/IN,CLOSED,PES01,HOUSING INSPECTION GENERAL INFORMATION,1504554.003010,655092.994469,39.786965,-84.151117,R72 16711 0040
HOU2025-08573,1402 SCHAEFFER ST,5/2/2025,WARNING NOTICE,OPEN,PES01,OUTDOOR STORAGE,1497754.004143,653202.002516,39.781378,-84.175113,R72 05204 0111
HOU2025-08574,125 SEMLER ST,5/2/2025,CORRESPONDENCE /PHONE/EMAIL/IN,CLOSED,PES01,HOUSING INSPECTION GENERAL INFORMATION,1504554.003010,655092.994469,39.786965,-84.151117,R72 16711 0040
HOU2025-08575,125 SEMLER ST,5/2/2025,NEW,ACTIVE,PES01,HOUSING INSPECTION GENERAL INFORMATION,1504554.003010,655092.994469,39.786965,-84.151117,R72 16711 0040
HOU2025-08577,121 RITA ST,5/2/2025,CORRESPONDENCE /PHONE/EMAIL/IN,CLOSED,PES01,HOUSING INSPECTION GENERAL INFORMATION,1499864.001235,652069.999202,39.778420,-84.167612,R72 05206 0068
HOU2025-08654,121 RITA ST,5/5/2025,RECHECK,OPEN,PES01,REINSPECTION REQUEST,1499864.001235,652069.999202,39.778420,-84.167612,R72 05206 0068
HOU2025-08656,1815 WARNER AVE,5/5/2025,RECHECK,CLOSED,PES01,REINSPECTION REQUEST,1499121.003049,651962.995151,39.778075,-84.169979,R72 05208 0049
HOU2025-08675,614 TROY ST,5/5/2025,RECHECK,OPEN,PES01,REQUESTING REINSPECTION,1497979.005661,651737.993633,39.777423,-84.174072,R72 05209 0011
HOU2025-08677,108 MACREADY AVE,5/5/2025,RECHECK,OPEN,PES01,REQUESTING REINSPECTION,1500092.000779,654949.995083,39.786287,-84.166956,R72 16705 0051
HOU2025-08678,22 URBANA AVE,5/5/2025,RECHECK,OPEN,PES01,REINSPECTION REQUEST,1502022.003481,653814.993416,39.783293,-84.159774,R72 05001 0019
