COMPLAINT_NO,ADDRESS,RECORD_DATE,ACTION_TAKEN,STATUS,ASSIGNED,DESCRIPTION,x,y
HOU2024-21925,317 GROVE AVE,11/7/2024,WARNING NOTICE,ACTIVE,PES01,OUTDOOR STORAGE,1498308.9958148897,652905.9926092327
HOU2024-21926,1512 WALTERS ST,11/7/2024,WARNING NOTICE,OPEN,PES01,OUTDOOR STORAGE,1498190.9980193824,653051.0074110627
HOU2024-21929,329 GROVE AVE,11/7/2024,WARNING NOTICE,OPEN,PES01,VEHICLE - ABANDONED/JUNKED/INOP,1498306.9968031347,653013.9960021377
HOU2024-21930,405 GROVE AVE,11/7/2024,WARNING NOTICE,OPEN,PES01,OUTDOOR STORAGE,1498327.0016843826,653158.9943998158
HOU2024-21933,419 GROVE AVE,11/7/2024,WARNING NOTICE,OPEN,PES01,GRASS COMPLAINTS,1498334.997075215,653276.9918672293
HOU2024-21936,427 GROVE AVE,11/7/2024,WARNING NOTICE,ACTIVE,PES01,VEHICLE - OTHER,1498338.9947706312,653321.9989950657
HOU2024-21940,924 TROY ST,11/7/2024,WARNING NOTICE,OPEN,PES01,OUTDOOR STORAGE,1498132.9987915605,653341.0042063892
HOU2024-21942,934 TROY ST,11/7/2024,WARNING NOTICE,OPEN,PES01,TRASH IN YARD OR NEAR ALLEY,1498147.007293716,653415.9938858151
HOU2024-21952,1837 VALLEY ST,11/7/2024,CORRESPONDENCE /PHONE/EMAIL/IN,CLOSED,PES01,ELECTRIC - NONE,1504334.998198554,654354.993648231
HOU2024-21965,141 BALTIMORE ST,11/8/2024,CITATION,OPEN,PES01,OUTDOOR STORAGE,1498902.9975796342,652324.9996767342
HOU2024-21967,241 DEEDS AVE APT/UNIT 1,11/8/2024,CORRESPONDENCE /PHONE/EMAIL/IN,CLOSED,PES01,ROACH INFESTATION,1497106.9998593032,650738.9956308901
HOU2024-21967,241 DEEDS AVE APT/UNIT 1,11/8/2024,CORRESPONDENCE /PHONE/EMAIL/IN,CLOSED,PES01,ROACH INFESTATION,1497106.9998593032,650738.9956308901
HOU2024-21967,241 DEEDS AVE APT/UNIT 1,11/8/2024,CORRESPONDENCE /PHONE/EMAIL/IN,CLOSED,PES01,ROACH INFESTATION,1497106.9998593032,650738.9956308901
HOU2024-21967,241 DEEDS AVE APT/UNIT 1,11/8/2024,CORRESPONDENCE /PHONE/EMAIL/IN,CLOSED,PES01,ROACH INFESTATION,1497106.9998593032,650738.9956308901
HOU2024-21967,241 DEEDS AVE APT/UNIT 1,11/8/2024,CORRESPONDENCE /PHONE/EMAIL/IN,CLOSED,PES01,ROACH INFESTATION,1497106.9998593032,650738.9956308901
HOU2024-21970,7 GROVE AVE,11/8/2024,CORRESPONDENCE /PHONE/EMAIL/IN,CLOSED,PES01,"FENCE CONSTRUCTION, DAMAGED OR DETERIORA...",1498170.9934662282,650823.9957889766
HOU2024-21970,7 GROVE AVE,11/8/2024,CORRESPONDENCE /PHONE/EMAIL/IN,CLOSED,PES01,"FENCE CONSTRUCTION, DAMAGED OR DETERIORA...",1498170.9934662282,650823.9957889766
HOU2024-21970,7 GROVE AVE,11/8/2024,CORRESPONDENCE /PHONE/EMAIL/IN,CLOSED,PES01,"FENCE CONSTRUCTION, DAMAGED OR DETERIORA...",1498170.9934662282,650823.9957889766
HOU2024-22077,634 TROY ST,11/11/2024,WARNING NOTICE,CLOSED,PES01,OUTDOOR STORAGE,1498001.992491886,651895.0015209764
HOU2024-22131,531 BALTIMORE ST,11/11/2024,WARNING NOTICE,CLOSED,PES01,VEHICLE - PARKING IN THE YARD,1499047.9959772974,654084.0023923069
HOU2024-22133,1 URBANA AVE,11/11/2024,WARNING NOTICE,CLOSED,PES01,OUTDOOR STORAGE,1501834.9963088036,653677.0074713975
HOU2024-22135,917 TROY ST,11/11/2024,LEGAL ORDER,OPEN,PES01,EXTERIOR STRUCTURE PROBLEMS/DETERIORATED,1497991.9980892986,653133.9924813062
HOU2024-22167,203 ALASKA ST,11/12/2024,DUPLICATE/PRIOR NOTICE,CLOSED,PES01,HOUSE STRUCTURE DETERIORATED,1499506.9937469661,651931.9968538135
HOU2024-22168,115 ALASKA ST,11/12/2024,DUPLICATE/PRIOR NOTICE,CLOSED,PES01,DUMPING,1499466.0010468066,651569.9923284799
HOU2024-22169,123 ALASKA ST,11/12/2024,BOARDING REQUESTED,OPEN,PES01,HOUSE STRUCTURE DETERIORATED,1499485.0065862238,651641.0003885627
HOU2024-22170,310 ALASKA ST,11/12/2024,NOT VALID,CLOSED,PES01,HOUSE STRUCTURE DETERIORATED,1499714.005800143,652714.0051323175
HOU2024-22186,1837 VALLEY ST,11/12/2024,RECHECK,OPEN,PES01,REQUESTING REINSPECTION,1504334.998198554,654354.993648231
HOU2024-22192,70 ALASKA ST,11/12/2024,CORRESPONDENCE /PHONE/EMAIL/IN,CLOSED,PES01,PLUMBING PROBLEMS,1499558.9965957254,651395.993988812
HOU2024-22279,126 KELLY AVE APT/UNIT 1,11/13/2024,CORRESPONDENCE /PHONE/EMAIL/IN,CLOSED,PES01,HOUSING INSPECTION GENERAL INFORMATION,1499787.9958096445,655527.006724149
HOU2024-22279,126 KELLY AVE APT/UNIT 1,11/13/2024,CORRESPONDENCE /PHONE/EMAIL/IN,CLOSED,PES01,HOUSING INSPECTION GENERAL INFORMATION,1499787.9958096445,655527.006724149
HOU2024-22279,126 KELLY AVE APT/UNIT 1,11/13/2024,CORRESPONDENCE /PHONE/EMAIL/IN,CLOSED,PES01,HOUSING INSPECTION GENERAL INFORMATION,1499787.9958096445,655527.006724149
HOU2024-22279,126 KELLY AVE APT/UNIT 1,11/13/2024,CORRESPONDENCE /PHONE/EMAIL/IN,CLOSED,PES01,HOUSING INSPECTION GENERAL INFORMATION,1499787.9958096445,655527.006724149
HOU2024-22282,215 EDMUND ST,11/13/2024,CORRESPONDENCE /PHONE/EMAIL/IN,CLOSED,PES01,HOUSING INSPECTION GENERAL INFORMATION,1497766.9965708107,652184.9983163029
HOU2024-22292,241 DEEDS AVE APT/UNIT 1,11/13/2024,CORRESPONDENCE /PHONE/EMAIL/IN,OPEN,PES01,RODENTS INSECTS,1497106.9998593032,650738.9956308901
HOU2024-22292,241 DEEDS AVE APT/UNIT 1,11/13/2024,CORRESPONDENCE /PHONE/EMAIL/IN,OPEN,PES01,RODENTS INSECTS,1497106.9998593032,650738.9956308901
HOU2024-22292,241 DEEDS AVE APT/UNIT 1,11/13/2024,CORRESPONDENCE /PHONE/EMAIL/IN,OPEN,PES01,RODENTS INSECTS,1497106.9998593032,650738.9956308901
HOU2024-22292,241 DEEDS AVE APT/UNIT 1,11/13/2024,CORRESPONDENCE /PHONE/EMAIL/IN,OPEN,PES01,RODENTS INSECTS,1497106.9998593032,650738.9956308901
HOU2024-22292,241 DEEDS AVE APT/UNIT 1,11/13/2024,CORRESPONDENCE /PHONE/EMAIL/IN,OPEN,PES01,RODENTS INSECTS,1497106.9998593032,650738.9956308901
HOU2024-22336,428 HART ST,11/14/2024,DUPLICATE/PRIOR NOTICE,CLOSED,PES01,TRASH IN YARD OR NEAR ALLEY,1498176.006907642,650987.0003842264
HOU2024-22339,203 ALASKA ST,11/14/2024,DUPLICATE/PRIOR NOTICE,CLOSED,PES01,TRASH IN YARD OR NEAR ALLEY,1499506.9937469661,651931.9968538135
HOU2024-22340,304 ALASKA ST,11/14/2024,DUPLICATE/PRIOR NOTICE,CLOSED,PES01,EXTERIOR STRUCTURE PROBLEMS/DETERIORATED,1499710.0081047267,652677.9930652231
HOU2024-22355,144 NOTRE DAME AVE,11/14/2024,NOT VALID,CLOSED,PES01,OUTDOOR STORAGE,1498699.0006123036,652362.994351387
HOU2024-22364,158 BALTIMORE ST,11/14/2024,LEGAL ORDER,OPEN,PES01,EXTERIOR STRUCTURE PROBLEMS/DETERIORATED,1499045.9972936362,652448.993851304
HOU2024-22366,155 BALTIMORE ST,11/14/2024,WARNING NOTICE,CLOSED,PES01,TRASH/DEBRIS ON PREMISES,1498917.0060818046,652422.9922628999
HOU2024-22374,241 DEEDS AVE APT/UNIT 1,11/14/2024,TEAMED,OPEN,PES01,ILLEGAL OCCUPANCY,1497106.9998593032,650738.9956308901
HOU2024-22374,241 DEEDS AVE APT/UNIT 1,11/14/2024,TEAMED,OPEN,PES01,ILLEGAL OCCUPANCY,1497106.9998593032,650738.9956308901
HOU2024-22374,241 DEEDS AVE APT/UNIT 1,11/14/2024,TEAMED,OPEN,PES01,ILLEGAL OCCUPANCY,1497106.9998593032,650738.9956308901
HOU2024-22374,241 DEEDS AVE APT/UNIT 1,11/14/2024,TEAMED,OPEN,PES01,ILLEGAL OCCUPANCY,1497106.9998593032,650738.9956308901
HOU2024-22374,241 DEEDS AVE APT/UNIT 1,11/14/2024,TEAMED,OPEN,PES01,ILLEGAL OCCUPANCY,1497106.9998593032,650738.9956308901
HOU2024-22376,243 DEEDS AVE,11/14/2024,CORRESPONDENCE /PHONE/EMAIL/IN,CLOSED,PES01,ELECTRICAL PROBLEMS,1497108.9988710582,650766.9959029704
HOU2024-22378,241 DEEDS AVE APT/UNIT 1,11/14/2024,CORRESPONDENCE /PHONE/EMAIL/IN,CLOSED,PES01,WATER PROBLEMS,1497106.9998593032,650738.9956308901
HOU2024-22378,241 DEEDS AVE APT/UNIT 1,11/14/2024,CORRESPONDENCE /PHONE/EMAIL/IN,CLOSED,PES01,WATER PROBLEMS,1497106.9998593032,650738.9956308901
HOU2024-22378,241 DEEDS AVE APT/UNIT 1,11/14/2024,CORRESPONDENCE /PHONE/EMAIL/IN,CLOSED,PES01,WATER PROBLEMS,1497106.9998593032,650738.9956308901
HOU2024-22378,241 DEEDS AVE APT/UNIT 1,11/14/2024,CORRESPONDENCE /PHONE/EMAIL/IN,CLOSED,PES01,WATER PROBLEMS,1497106.9998593032,650738.9956308901
HOU2024-22378,241 DEEDS AVE APT/UNIT 1,11/14/2024,CORRESPONDENCE /PHONE/EMAIL/IN,CLOSED,PES01,WATER PROBLEMS,1497106.9998593032,650738.9956308901
HOU2024-22395,1225 SAINT ADALBERT AVE,11/15/2024,WARNING NOTICE,CLOSED,PES01,OUTDOOR STORAGE,1502714.997501552,654306.0055572242
HOU2024-22396,1229 SAINT ADALBERT AVE,11/15/2024,WARNING NOTICE,EXTENSION GRANTED,PES01,OUTDOOR STORAGE,1502700.0060617179,654341.0018783063
HOU2024-22397,1316 SAINT ADALBERT AVE,11/15/2024,WARNING NOTICE,CLOSED,PES01,OUTDOOR STORAGE,1502645.0048593879,654672.007777974
HOU2024-22408,209 DEEDS AVE,11/15/2024,WARNING NOTICE,CLOSED,PES01,PARKING IN THE GRASS,1497080.998598978,650453.0621476471
HOU2024-22411,316 ALASKA ST,11/15/2024,CITATION,OPEN,PES01,OUTDOOR STORAGE,1499718.003495559,652776.0020555556
HOU2024-22416,58 BALTIMORE ST,11/15/2024,CORRESPONDENCE /PHONE/EMAIL/IN,CLOSED,PES01,HOUSING INSPECTION GENERAL INFORMATION,1498956.9994401336,651560.9972677231
HOU2024-22438,55 BRANDT ST,11/15/2024,CORRESPONDENCE /PHONE/EMAIL/IN,CLOSED,PES01,HOUSING INSPECTION GENERAL INFORMATION,1500793.0065948814,652552.9995488077
HOU2024-22439,166 GROVE AVE,11/15/2024,CORRESPONDENCE /PHONE/EMAIL/IN,CLOSED,PES01,HOUSING INSPECTION GENERAL INFORMATION,1498303.9987776428,651682.9927586466
HOU2024-22443,614 TROY ST,11/15/2024,CORRESPONDENCE /PHONE/EMAIL/IN,CLOSED,PES01,HOUSING INSPECTION GENERAL INFORMATION,1497979.0056612194,651737.9936328977
HOU2024-22444,614 TROY ST,11/15/2024,AUTHORIZATION TO ENTER,CLOSED,PES01,HOUSING INSPECTION GENERAL INFORMATION,1497979.0056612194,651737.9936328977
HOU2024-22449,203 ALASKA ST,11/15/2024,CORRESPONDENCE /PHONE/EMAIL/IN,CLOSED,PES01,HOUSING INSPECTION GENERAL INFORMATION,1499506.9937469661,651931.9968538135
HOU2024-22450,136 ALTON AVE,11/15/2024,LEGAL ORDER,OPEN,PES01,EXTERIOR STRUCTURE PROBLEMS/DETERIORATED,1499240.9995283037,651298.0014026463
HOU2024-22512,203 ALASKA ST,11/18/2024,WARNING NOTICE,CLOSED,PES01,OUTDOOR STORAGE,1499506.9937469661,651931.9968538135
HOU2024-22513,104 NOTRE DAME AVE,11/18/2024,WARNING NOTICE,CLOSED,PES01,OUTDOOR STORAGE,1498667.002644807,652037.0018931478
HOU2024-22517,136 NOTRE DAME AVE,11/18/2024,WARNING NOTICE,CLOSED,PES01,OUTDOOR STORAGE,1498692.0045633018,652300.9971000552
HOU2024-22518,152 NOTRE DAME AVE,11/18/2024,WARNING NOTICE,CLOSED,PES01,OUTDOOR STORAGE,1498699.0006123036,652433.0030696392
HOU2024-22519,166 NOTRE DAME AVE,11/18/2024,WARNING NOTICE,CLOSED,PES01,OUTDOOR STORAGE,1498716.007139966,652539.0074508041
HOU2024-22520,170 NOTRE DAME AVE,11/18/2024,WARNING NOTICE,CLOSED,PES01,OUTDOOR STORAGE,1498720.004835382,652578.0014673173
HOU2024-22536,,11/18/2024,RECHECK,ACTIVE,LAU02,HOUSE STRUCTURE DETERIORATED,1499980.0000188053,656119.9927428961
HOU2024-22544,166 GROVE AVE,11/18/2024,DUPLICATE/PRIOR NOTICE,CLOSED,PES01,DUMPING,1498303.9987776428,651682.9927586466
HOU2024-22564,172 NOTRE DAME AVE,11/19/2024,WARNING NOTICE,CLOSED,PES01,OUTDOOR STORAGE,1498722.0035190582,652602.0040439814
HOU2024-22565,204 NOTRE DAME AVE,11/19/2024,WARNING NOTICE,CLOSED,PES01,OUTDOOR STORAGE,1498745.0067538917,652759.9948697239
HOU2024-22578,260 ALASKA ST,11/19/2024,NOT VALID,CLOSED,PES01,OVERFLOWING TRASH CAN DUMPSTER,1499691.0025653094,652425.0076788068
HOU2024-22579,240 ALASKA ST,11/19/2024,WARNING NOTICE,CLOSED,PES01,TRASH IN YARD OR NEAR ALLEY,1499671.9970258921,652255.0073626488
HOU2024-22583,236 ALASKA ST,11/19/2024,WARNING NOTICE,CLOSED,PES01,TRASH IN YARD OR NEAR ALLEY,1499663.0022932142,652216.9962838143
HOU2024-22588,212 NOTRE DAME AVE,11/19/2024,WARNING NOTICE,CLOSED,PES01,OUTDOOR STORAGE,1498754.0014865547,652835.0009533167
HOU2024-22593,213 BALTIMORE ST,11/19/2024,WARNING NOTICE,CLOSED,PES01,OUTDOOR STORAGE,1498949.0040493011,652812.9970603138
HOU2024-22596,225 BALTIMORE ST,11/19/2024,WARNING NOTICE,CLOSED,PES01,OUTDOOR STORAGE,1498964.994830966,652918.0020996481
HOU2024-22598,232 NOTRE DAME AVE,11/19/2024,WARNING NOTICE,CLOSED,PES01,OUTDOOR STORAGE,1498768.992926389,653002.002915889
HOU2024-22601,1710 LEO ST,11/19/2024,WARNING NOTICE,CLOSED,PES01,OUTDOOR STORAGE,1498846.9970354736,653371.0034902245
HOU2024-22602,320 NOTRE DAME AVE,11/19/2024,WARNING NOTICE,CLOSED,PES01,OUTDOOR STORAGE,1498792.995503053,653268.9964763969
HOU2024-22614,426 GROVE AVE,11/19/2024,WARNING NOTICE,CLOSED,PES01,OUTDOOR STORAGE,1498459.0076539665,653297.9964183867
HOU2024-22615,426 TROY ST,11/19/2024,WARNING NOTICE,CLOSED,PES01,OUTDOOR STORAGE,1497914.9933220595,651008.0046073049
HOU2024-22616,2074 STANVIEW AVE,11/19/2024,WARNING NOTICE,CLOSED,PES01,OUTDOOR STORAGE,1500947.999395132,653092.9997811466
HOU2024-22734,241 DEEDS AVE,11/21/2024,EMERGENCY REPAIR,ACTIVE,BAR04,HEATING - NONE,1497106.9998593032,650738.9956308901
HOU2024-22739,241 DEEDS AVE,11/21/2024,EMERGENCY VACATE,ACTIVE,BAR04,ILLEGAL ROOMING HOUSE,1497106.9998593032,650738.9956308901
HOU2024-22791,614 TROY ST,11/22/2024,DUPLICATE/PRIOR NOTICE,CLOSED,PES01,HOUSE STRUCTURE DETERIORATED,1497979.0056612194,651737.9936328977
HOU2024-22879,141 BALTIMORE ST,11/25/2024,RECHECK,CLOSED,PES01,REINSPECTION REQUEST,1498902.9975796342,652324.9996767342
HOU2024-22899,7 GROVE AVE,11/25/2024,CORRESPONDENCE /PHONE/EMAIL/IN,CLOSED,PES01,HOUSING INSPECTION GENERAL INFORMATION,1498170.9934662282,650823.9957889766
HOU2024-22899,7 GROVE AVE,11/25/2024,CORRESPONDENCE /PHONE/EMAIL/IN,CLOSED,PES01,HOUSING INSPECTION GENERAL INFORMATION,1498170.9934662282,650823.9957889766
HOU2024-22899,7 GROVE AVE,11/25/2024,CORRESPONDENCE /PHONE/EMAIL/IN,CLOSED,PES01,HOUSING INSPECTION GENERAL INFORMATION,1498170.9934662282,650823.9957889766
HOU2024-22933,1414 LAMAR ST,11/26/2024,NEW,ACTIVE,PES01,STRUCTURAL NUISANCE,1497811.0040287226,652922.9994649738
HOU2024-22934,1410 LAMAR ST,11/26/2024,NEW,ACTIVE,PES01,STRUCTURAL NUISANCE,1497783.0037566423,652924.9981486499
HOU2024-22943,428 HART ST,11/26/2024,CORRESPONDENCE /PHONE/EMAIL/IN,CLOSED,PES01,HOUSING INSPECTION GENERAL INFORMATION,1498176.006907642,650987.0003842264
HOU2024-22944,301 GROVE AVE,11/26/2024,CORRESPONDENCE /PHONE/EMAIL/IN,CLOSED,PES01,HOUSING INSPECTION GENERAL INFORMATION,1498289.0073378086,652763.9925651401
HOU2024-22944,301 GROVE AVE,11/26/2024,CORRESPONDENCE /PHONE/EMAIL/IN,CLOSED,PES01,HOUSING INSPECTION GENERAL INFORMATION,1498289.0073378086,652763.9925651401
HOU2024-22944,301 GROVE AVE,11/26/2024,CORRESPONDENCE /PHONE/EMAIL/IN,CLOSED,PES01,HOUSING INSPECTION GENERAL INFORMATION,1498289.0073378086,652763.9925651401
HOU2024-22949,2022 STAPLETON CT,11/26/2024,CORRESPONDENCE /PHONE/EMAIL/IN,EXTENSION GRANTED,PES01,HOUSING INSPECTION GENERAL INFORMATION,1500175.0022534728,652102.996511817
HOU2024-22956,115 ALASKA ST,11/26/2024,CORRESPONDENCE /PHONE/EMAIL/IN,CLOSED,PES01,HOUSING INSPECTION GENERAL INFORMATION,1499466.0010468066,651569.9923284799
HOU2024-22962,816 TROY ST,11/26/2024,CORRESPONDENCE /PHONE/EMAIL/IN,CLOSED,PES01,HOUSING INSPECTION GENERAL INFORMATION,1498097.003128633,652914.0044042319
HOU2024-22963,1125 SAINT ADALBERT AVE,11/26/2024,CORRESPONDENCE /PHONE/EMAIL/IN,CLOSED,PES01,HOUSING INSPECTION GENERAL INFORMATION,1502825.9989199638,653993.0055270642
HOU2024-22970,211 MARYLAND AVE,11/26/2024,CORRESPONDENCE /PHONE/EMAIL/IN,EXTENSION GRANTED,PES01,HOUSING INSPECTION GENERAL INFORMATION,1497347.992159471,649997.9964567274
HOU2024-22984,335 GROVE AVE,11/26/2024,CORRESPONDENCE /PHONE/EMAIL/IN,EXTENSION GRANTED,PES01,HOUSING INSPECTION GENERAL INFORMATION,1498312.9935103059,653040.9969323874
HOU2024-22998,24 BRIGHTON ST,11/26/2024,CORRESPONDENCE /PHONE/EMAIL/IN,EXTENSION GRANTED,PES01,HOUSING INSPECTION GENERAL INFORMATION,1500572.0030998886,652709.007766977
HOU2024-23001,1303 VALLEY ST,11/26/2024,CORRESPONDENCE /PHONE/EMAIL/IN,CLOSED,PES01,HOUSING INSPECTION GENERAL INFORMATION,1502035.9952506423,653234.0004833937
HOU2024-23003,1837 VALLEY ST,11/26/2024,CORRESPONDENCE /PHONE/EMAIL/IN,CLOSED,PES01,HOUSING INSPECTION GENERAL INFORMATION,1504334.998198554,654354.993648231
HOU2024-23004,152 NOTRE DAME AVE,11/26/2024,CORRESPONDENCE /PHONE/EMAIL/IN,CLOSED,PES01,HOUSING INSPECTION GENERAL INFORMATION,1498699.0006123036,652433.0030696392
HOU2024-23005,23 LIGHT ST,11/26/2024,CORRESPONDENCE /PHONE/EMAIL/IN,CLOSED,PES01,HOUSING INSPECTION GENERAL INFORMATION,1498002.9918337166,650083.9962847233
HOU2024-23006,233 NOTRE DAME AVE,11/26/2024,CORRESPONDENCE /PHONE/EMAIL/IN,CLOSED,PES01,HOUSING INSPECTION GENERAL INFORMATION,1498641.001056388,653012.996660307
HOU2024-23010,57 ALASKA ST,11/26/2024,CORRESPONDENCE /PHONE/EMAIL/IN,EXTENSION GRANTED,PES01,HOUSING INSPECTION GENERAL INFORMATION,1499452.9922145605,651282.9935586452
HOU2024-23016,1229 SAINT ADALBERT AVE,11/26/2024,CORRESPONDENCE /PHONE/EMAIL/IN,CLOSED,PES01,HOUSING INSPECTION GENERAL INFORMATION,1502700.0060617179,654341.0018783063
HOU2024-23017,104 NOTRE DAME AVE,11/26/2024,CORRESPONDENCE /PHONE/EMAIL/IN,CLOSED,PES01,HOUSING INSPECTION GENERAL INFORMATION,1498667.002644807,652037.0018931478
HOU2024-23019,941 TROY ST,11/26/2024,CORRESPONDENCE /PHONE/EMAIL/IN,CLOSED,PES01,HOUSING INSPECTION GENERAL INFORMATION,1498018.9990195483,653374.0018438101
HOU2024-23021,152 NOTRE DAME AVE,11/26/2024,CORRESPONDENCE /PHONE/EMAIL/IN,CLOSED,PES01,HOUSING INSPECTION GENERAL INFORMATION,1498699.0006123036,652433.0030696392
HOU2024-23024,28 LIGHT ST,11/26/2024,CORRESPONDENCE /PHONE/EMAIL/IN,EXTENSION GRANTED,PES01,HOUSING INSPECTION GENERAL INFORMATION,1498027.9937522262,649983.005344972
HOU2024-23031,2074 STANVIEW AVE,11/27/2024,LEGAL ORDER,EXTENSION GRANTED,PES01,EXTERIOR STRUCTURE PROBLEMS/DETERIORATED,1500947.999395132,653092.9997811466
HOU2024-23033,917 TROY ST,11/27/2024,LEGAL ORDER,OPEN,PES01,EXTERIOR STRUCTURE PROBLEMS/DETERIORATED,1497991.9980892986,653133.9924813062
HOU2024-23078,1239 DEEDS AVE,11/27/2024,DUPLICATE/PRIOR NOTICE,CLOSED,PES01,OUTDOOR STORAGE,1497723.0055170506,654683.8532267213
HOU2024-23079,1246 DEEDS AVE,11/27/2024,DUPLICATE/PRIOR NOTICE,CLOSED,PES01,OUTDOOR STORAGE,1497799.9938801378,654626.001308307
HOU2024-23103,39 MACREADY AVE,12/2/2024,FOURTH DEGREE,OPEN,PES01,TRASH IN YARD OR NEAR ALLEY,1500013.996669978,655148.9950129837
HOU2024-23141,241 DEEDS AVE APT/UNIT 1,12/2/2024,EMERGENCY VACATE,CLOSED,PES01,ILLEGAL OCCUPANCY,1497106.9998593032,650738.9956308901
HOU2024-23141,241 DEEDS AVE APT/UNIT 1,12/2/2024,EMERGENCY VACATE,CLOSED,PES01,ILLEGAL OCCUPANCY,1497106.9998593032,650738.9956308901
HOU2024-23141,241 DEEDS AVE APT/UNIT 1,12/2/2024,EMERGENCY VACATE,CLOSED,PES01,ILLEGAL OCCUPANCY,1497106.9998593032,650738.9956308901
HOU2024-23141,241 DEEDS AVE APT/UNIT 1,12/2/2024,EMERGENCY VACATE,CLOSED,PES01,ILLEGAL OCCUPANCY,1497106.9998593032,650738.9956308901
HOU2024-23141,241 DEEDS AVE APT/UNIT 1,12/2/2024,EMERGENCY VACATE,CLOSED,PES01,ILLEGAL OCCUPANCY,1497106.9998593032,650738.9956308901
HOU2024-23154,231 DEEDS AVE,12/2/2024,TEAMED,CLOSED,JER01,PARKING IN THE GRASS,1497121.745564714,650654.8311010599
HOU2024-23169,241 DEEDS AVE APT/UNIT 1,12/2/2024,TEAMED,CLOSED,JER01,OCCUPANCY - ILLEGAL,1497106.9998593032,650738.9956308901
HOU2024-23169,241 DEEDS AVE APT/UNIT 1,12/2/2024,TEAMED,CLOSED,JER01,OCCUPANCY - ILLEGAL,1497106.9998593032,650738.9956308901
HOU2024-23169,241 DEEDS AVE APT/UNIT 1,12/2/2024,TEAMED,CLOSED,JER01,OCCUPANCY - ILLEGAL,1497106.9998593032,650738.9956308901
HOU2024-23169,241 DEEDS AVE APT/UNIT 1,12/2/2024,TEAMED,CLOSED,JER01,OCCUPANCY - ILLEGAL,1497106.9998593032,650738.9956308901
HOU2024-23169,241 DEEDS AVE APT/UNIT 1,12/2/2024,TEAMED,CLOSED,JER01,OCCUPANCY - ILLEGAL,1497106.9998593032,650738.9956308901
HOU2024-23240,23 LIGHT ST,12/3/2024,WARNING NOTICE,OPEN,PES01,TRASH/DEBRIS ON PREMISES,1498002.9918337166,650083.9962847233
HOU2024-23357,225 ALASKA ST,12/4/2024,LEGAL ORDER,OPEN,PES01,EXTERIOR STRUCTURE PROBLEMS/DETERIORATED,1499537.992372632,652126.9990884811
HOU2024-23373,241 DEEDS AVE,12/5/2024,CORRESPONDENCE /PHONE/EMAIL/IN,ACTIVE,SIM06,OCCUPANCY - ILLEGAL,1497106.9998593032,650738.9956308901
HOU2024-23375,2063 STANVIEW AVE,12/5/2024,NOT VALID,CLOSED,PES01,PARKING IN THE GRASS,1500830.0019277185,653263.0000973046
HOU2024-23381,1330 LAMAR ST,12/5/2024,BOARDING VERIFIED,CLOSED,PES01,REINSPECTION REQUEST,1497636.006675303,652946.0023717284
HOU2024-23382,614 TROY ST,12/5/2024,BOARDING VERIFIED,CLOSED,PES01,REINSPECTION REQUEST,1497979.0056612194,651737.9936328977
HOU2024-23383,544 TROY ST,12/5/2024,BOARDING VERIFIED,CLOSED,PES01,REINSPECTION REQUEST,1497966.996170804,651548.0048396438
HOU2024-23384,23 LIGHT ST,12/5/2024,BOARDING VERIFIED,CLOSED,PES01,REINSPECTION REQUEST,1498002.9918337166,650083.9962847233
HOU2024-23385,321 BRANDT ST,12/5/2024,BOARDING VERIFIED,CLOSED,PES01,REINSPECTION REQUEST,1501293.996734634,653544.0021599829
HOU2024-23386,1246 HARKER ST,12/5/2024,BOARDING VERIFIED,CLOSED,PES01,REINSPECTION REQUEST,1498027.9937522262,654437.9951226413
HOU2024-23446,614 TROY ST,12/5/2024,BOARDING REQUESTED,OPEN,PES01,VACANT STRUCTURE - OPEN,1497979.0056612194,651737.9936328977
HOU2024-23448,1306 LAMAR ST,12/5/2024,RECHECK,CLOSED,PES01,OUTDOOR STORAGE,1497441.0041125566,652962.9928233176
HOU2024-23515,102 ALASKA ST,12/6/2024,WARNING NOTICE,CLOSED,PES01,TRASH IN YARD OR NEAR ALLEY,1499572.0054279715,651467.0023769736
HOU2024-23539,1208 VALLEY ST,12/6/2024,BOARDING VERIFIED,CLOSED,PES01,REINSPECTION REQUEST,1501914.0000877976,653029.0038461387
HOU2024-23548,1432 VALLEY ST,12/6/2024,BOARDING VERIFIED,ACTIVE,PES01,REINSPECTION REQUEST,1502636.9930643886,653474.9927835613
HOU2024-23549,1432 VALLEY ST,12/6/2024,BOARDING VERIFIED,ACTIVE,PES01,REINSPECTION REQUEST,1502636.9930643886,653474.9927835613
HOU2024-23562,1836 VULL ST,12/6/2024,CORRESPONDENCE /PHONE/EMAIL/IN,CLOSED,PES01,OUTDOOR STORAGE,1504406.0065867156,654662.9966411442
HOU2024-23661,510 TROY ST,12/9/2024,CORRESPONDENCE /PHONE/EMAIL/IN,CLOSED,PES01,HOUSING INSPECTION GENERAL INFORMATION,1497929.0014961362,651198.9930704832
HOU2024-23686,2602 COMPTON ST,12/9/2024,CORRESPONDENCE /PHONE/EMAIL/IN,CLOSED,PES01,HOUSING INSPECTION GENERAL INFORMATION,1502769.9983758032,653263.9994391501
HOU2024-23784,1417 LAMAR ST,12/10/2024,DUPLICATE/PRIOR NOTICE,CLOSED,PES01,EXTERIOR STRUCTURE PROBLEMS/DETERIORATED,1497870.0029264688,653027.0048343986
HOU2024-23785,139 ALASKA ST,12/10/2024,NOT VALID,CLOSED,PES01,EXTERIOR STRUCTURE PROBLEMS/DETERIORATED,1499485.0065862238,651780.0024071485
HOU2024-23790,1317 SAINT ADALBERT AVE,12/10/2024,RECHECK,CLOSED,PES01,REINSPECTION REQUEST,1502572.9971293807,654586.0079499781
HOU2024-23791,316 ALASKA ST,12/10/2024,RECHECK,OPEN,PES01,REINSPECTION REQUEST,1499718.003495559,652776.0020555556
HOU2024-23801,241 DEEDS AVE APT/UNIT 1,12/10/2024,TEAMED,CLOSED,JER01,SMOKE DETECTORS REQUIRED,1497106.9998593032,650738.9956308901
HOU2024-23801,241 DEEDS AVE APT/UNIT 1,12/10/2024,TEAMED,CLOSED,JER01,SMOKE DETECTORS REQUIRED,1497106.9998593032,650738.9956308901
HOU2024-23801,241 DEEDS AVE APT/UNIT 1,12/10/2024,TEAMED,CLOSED,JER01,SMOKE DETECTORS REQUIRED,1497106.9998593032,650738.9956308901
HOU2024-23801,241 DEEDS AVE APT/UNIT 1,12/10/2024,TEAMED,CLOSED,JER01,SMOKE DETECTORS REQUIRED,1497106.9998593032,650738.9956308901
HOU2024-23801,241 DEEDS AVE APT/UNIT 1,12/10/2024,TEAMED,CLOSED,JER01,SMOKE DETECTORS REQUIRED,1497106.9998593032,650738.9956308901
HOU2024-23808,241 DEEDS AVE APT/UNIT 1,12/10/2024,RE-INSPECTION,OPEN,PES01,ILLEGAL OCCUPANCY,1497106.9998593032,650738.9956308901
HOU2024-23808,241 DEEDS AVE APT/UNIT 1,12/10/2024,RE-INSPECTION,OPEN,PES01,ILLEGAL OCCUPANCY,1497106.9998593032,650738.9956308901
HOU2024-23808,241 DEEDS AVE APT/UNIT 1,12/10/2024,RE-INSPECTION,OPEN,PES01,ILLEGAL OCCUPANCY,1497106.9998593032,650738.9956308901
HOU2024-23808,241 DEEDS AVE APT/UNIT 1,12/10/2024,RE-INSPECTION,OPEN,PES01,ILLEGAL OCCUPANCY,1497106.9998593032,650738.9956308901
HOU2024-23808,241 DEEDS AVE APT/UNIT 1,12/10/2024,RE-INSPECTION,OPEN,PES01,ILLEGAL OCCUPANCY,1497106.9998593032,650738.9956308901
HOU2024-23821,90 NOTRE DAME AVE,12/10/2024,WARNING NOTICE,CLOSED,PES01,OUTDOOR STORAGE,1498624.9938705564,651868.0009188056
HOU2024-23840,104 NOTRE DAME AVE,12/11/2024,CITATION,CLOSED,PES01,OUTDOOR STORAGE,1498667.002644807,652037.0018931478
HOU2024-23848,166 NOTRE DAME AVE,12/11/2024,NOT VALID,CLOSED,PES01,OUTDOOR STORAGE,1498716.007139966,652539.0074508041
HOU2024-23850,170 NOTRE DAME AVE,12/11/2024,CITATION,OPEN,PES01,OUTDOOR STORAGE,1498720.004835382,652578.0014673173
HOU2024-23851,172 NOTRE DAME AVE,12/11/2024,CITATION,OPEN,PES01,OUTDOOR STORAGE,1498722.0035190582,652602.0040439814
HOU2024-23853,204 NOTRE DAME AVE,12/11/2024,CITATION,OPEN,PES01,OUTDOOR STORAGE,1498745.0067538917,652759.9948697239
HOU2024-23854,212 NOTRE DAME AVE,12/11/2024,CITATION,OPEN,PES01,OUTDOOR STORAGE,1498754.0014865547,652835.0009533167
HOU2024-23855,634 TROY ST,12/11/2024,RE-INSPECTION,CLOSED,PES01,OUTDOOR STORAGE,1498001.992491886,651895.0015209764
HOU2024-23858,155 BALTIMORE ST,12/11/2024,NOT VALID,CLOSED,PES01,OUTDOOR STORAGE,1498917.0060818046,652422.9922628999
HOU2024-23859,213 BALTIMORE ST,12/11/2024,NOT VALID,CLOSED,PES01,OUTDOOR STORAGE,1498949.0040493011,652812.9970603138
HOU2024-23878,531 BALTIMORE ST,12/11/2024,NOT VALID,CLOSED,PES01,OUTDOOR STORAGE,1499047.9959772974,654084.0023923069
HOU2024-23879,203 ALASKA ST,12/11/2024,CITATION,OPEN,PES01,OUTDOOR STORAGE,1499506.9937469661,651931.9968538135
HOU2024-23880,1710 LEO ST,12/11/2024,CITATION,OPEN,PES01,OUTDOOR STORAGE,1498846.9970354736,653371.0034902245
HOU2024-23882,2074 STANVIEW AVE,12/11/2024,CITATION,OPEN,PES01,OUTDOOR STORAGE,1500947.999395132,653092.9997811466
HOU2024-23885,209 DEEDS AVE,12/11/2024,WARNING NOTICE,CLOSED,PES01,PARKING IN THE GRASS,1497080.998598978,650453.0621476471
HOU2024-23902,163 GROVE AVE,12/11/2024,CORRESPONDENCE /PHONE/EMAIL/IN,OPEN,PES01,DUMPING,1498185.001640305,651667.0019769818
HOU2024-23905,1229 SAINT ADALBERT AVE,12/11/2024,CORRESPONDENCE /PHONE/EMAIL/IN,CLOSED,PES01,OUTDOOR STORAGE,1502700.0060617179,654341.0018783063
HOU2024-23909,1316 SAINT ADALBERT AVE,12/11/2024,RE-INSPECTION,CLOSED,PES01,OUTDOOR STORAGE,1502645.0048593879,654672.007777974
HOU2024-23916,168 ALTON AVE,12/12/2024,CITATION,OPEN,PES01,TRASH IN YARD OR NEAR ALLEY,1499279.993544802,651628.0079604834
HOU2024-23917,115 ALASKA ST,12/12/2024,RECHECK,CLOSED,PES01,TRASH IN YARD OR NEAR ALLEY,1499466.0010468066,651569.9923284799
HOU2024-23988,123 ALASKA ST,12/12/2024,WARNING NOTICE,CLOSED,PES01,OUTDOOR STORAGE,1499485.0065862238,651641.0003885627
HOU2024-23991,232 ALASKA ST,12/12/2024,WARNING NOTICE,CLOSED,PES01,OUTDOOR STORAGE,1499666.0006467998,652182.0002908111
HOU2024-23992,226 ALASKA ST,12/12/2024,RECHECK,CLOSED,PES01,OUTDOOR STORAGE,1499658.0052559674,652122.0020512342
HOU2024-23995,164 ALTON AVE,12/12/2024,WARNING NOTICE,CLOSED,PES01,OUTDOOR STORAGE,1499277.994533047,651594.9942469746
HOU2024-23996,188 ALTON AVE,12/12/2024,RECHECK,CLOSED,PES01,OUTDOOR STORAGE,1499302.9967796355,651794.993518889
HOU2024-23998,614 TROY ST,12/12/2024,RE-INSPECTION,CLOSED,PES01,REINSPECTION REQUEST,1497979.0056612194,651737.9936328977
HOU2024-24023,1316 SAINT ADALBERT AVE,12/13/2024,CORRESPONDENCE /PHONE/EMAIL/IN,CLOSED,PES01,PARKING IN THE GRASS,1502645.0048593879,654672.007777974
HOU2024-24049,225 ALASKA ST,12/13/2024,CORRESPONDENCE /PHONE/EMAIL/IN,CLOSED,PES01,EXTERIOR STRUCTURE PROBLEMS/DETERIORATED,1499537.992372632,652126.9990884811
HOU2024-24063,1216 LAMAR ST,12/15/2024,DUPLICATE/PRIOR NOTICE,ACTIVE,PES01,EXTERIOR STRUCTURE PROBLEMS/DETERIORATED,1497189.001991883,652985.9957300574
HOU2024-24064,1216 LAMAR ST,12/15/2024,DUPLICATE/PRIOR NOTICE,CLOSED,PES01,EXTERIOR STRUCTURE PROBLEMS/DETERIORATED,1497189.001991883,652985.9957300574
HOU2024-24066,39 MACREADY AVE,12/16/2024,DUPLICATE/PRIOR NOTICE,CLOSED,PES01,OUTDOOR STORAGE,1500013.996669978,655148.9950129837
HOU2024-24068,316 ALASKA ST,12/16/2024,RECHECK,ACTIVE,PES01,REINSPECTION REQUEST,1499718.003495559,652776.0020555556
HOU2024-24096,1710 LEO ST,12/16/2024,CITATION,OPEN,PES01,OUTDOOR STORAGE,1498846.9970354736,653371.0034902245
HOU2024-24114,203 ALASKA ST,12/16/2024,CITATION,OPEN,PES01,OUTDOOR STORAGE,1499506.9937469661,651931.9968538135
HOU2024-24127,203 ALASKA ST,12/16/2024,CORRESPONDENCE /PHONE/EMAIL/IN,CLOSED,PES01,WATER - NONE,1499506.9937469661,651931.9968538135
HOU2024-24129,203 ALASKA ST,12/16/2024,CORRESPONDENCE /PHONE/EMAIL/IN,CLOSED,PES01,ELECTRIC - NONE,1499506.9937469661,651931.9968538135
HOU2024-24143,151 GROVE AVE,12/17/2024,RE-INSPECTION,CLOSED,PES01,TRASH/DEBRIS ON PREMISES,1498178.005591303,651581.002148971
HOU2024-24153,634 TROY ST,12/17/2024,LEGAL ORDER,OPEN,PES01,TRASH IN YARD OR NEAR ALLEY,1498001.992491886,651895.0015209764
HOU2024-24166,917 TROY ST,12/17/2024,AUTHORIZATION TO ENTER,CLOSED,PES01,HOUSING INSPECTION GENERAL INFORMATION,1497991.9980892986,653133.9924813062
HOU2024-24181,151 GROVE AVE,12/17/2024,CORRESPONDENCE /PHONE/EMAIL/IN,CLOSED,PES01,OUTDOOR STORAGE,1498178.005591303,651581.002148971
HOU2024-24185,212 NOTRE DAME AVE,12/17/2024,CITATION,OPEN,PES01,VEHICLE - PARKING IN THE YARD,1498754.0014865547,652835.0009533167
HOU2024-24210,170 NOTRE DAME AVE,12/17/2024,CITATION,OPEN,PES01,OUTDOOR STORAGE,1498720.004835382,652578.0014673173
HOU2024-24229,203 ALASKA ST,12/18/2024,CORRESPONDENCE /PHONE/EMAIL/IN,CLOSED,PES01,VACANT STRUCTURE - OPEN,1499506.9937469661,651931.9968538135
HOU2024-24230,240 ALASKA ST,12/18/2024,CORRESPONDENCE /PHONE/EMAIL/IN,CLOSED,PES01,HOUSING INSPECTION GENERAL INFORMATION,1499671.9970258921,652255.0073626488
HOU2024-24232,335 GROVE AVE,12/18/2024,CORRESPONDENCE /PHONE/EMAIL/IN,CLOSED,PES01,HOUSING INSPECTION GENERAL INFORMATION,1498312.9935103059,653040.9969323874
HOU2024-24291,1915 VALLEY ST,12/18/2024,CORRESPONDENCE /PHONE/EMAIL/IN,EXTENSION GRANTED,PES01,HOUSING INSPECTION GENERAL INFORMATION,1504732.9983868003,654661.9969712198
HOU2024-24335,159 BALTIMORE ST,12/19/2024,WARNING NOTICE,CLOSED,PES01,OUTDOOR STORAGE,1498923.002460882,652462.002683565
HOU2024-24337,217 BALTIMORE ST,12/19/2024,RECHECK,CLOSED,PES01,OUTDOOR STORAGE,1498953.0017447174,652842.9963441491
HOU2024-24346,318 DEEDS AVE,12/19/2024,WARNING NOTICE,CLOSED,PES01,OUTDOOR STORAGE,1497241.0048406422,650988.9990678877
HOU2024-24352,223 DEEDS AVE,12/19/2024,VLM/PUBLIC WORKS,OPEN,PES01,DUMPING,1497102.5927158892,650594.0300415605
HOU2024-24366,2022 STAPLETON CT,12/19/2024,CORRESPONDENCE /PHONE/EMAIL/IN,EXTENSION GRANTED,PES01,HOUSING INSPECTION GENERAL INFORMATION,1500175.0022534728,652102.996511817
HOU2024-24367,2014 STAPLETON CT,12/19/2024,CORRESPONDENCE /PHONE/EMAIL/IN,EXTENSION GRANTED,PES01,HOUSING INSPECTION GENERAL INFORMATION,1500129.9954537153,652138.9921747297
HOU2024-24369,23 LIGHT ST,12/19/2024,CORRESPONDENCE /PHONE/EMAIL/IN,CLOSED,PES01,HOUSING INSPECTION GENERAL INFORMATION,1498002.9918337166,650083.9962847233
HOU2024-24382,23 LIGHT ST,12/20/2024,CORRESPONDENCE /PHONE/EMAIL/IN,CLOSED,PES01,HOUSING INSPECTION GENERAL INFORMATION,1498002.9918337166,650083.9962847233
HOU2024-24386,634 TROY ST,12/20/2024,NOT VALID,CLOSED,PES01,TRASH/DEBRIS ON PREMISES,1498001.992491886,651895.0015209764
HOU2024-24397,1274 DEEDS AVE,12/20/2024,CORRESPONDENCE /PHONE/EMAIL/IN,CLOSED,PES01,HOUSING INSPECTION GENERAL INFORMATION,1497947.0076937228,654804.9966852218
HOU2024-24398,1402 LAMAR ST,12/20/2024,CORRESPONDENCE /PHONE/EMAIL/IN,CLOSED,PES01,HOUSING INSPECTION GENERAL INFORMATION,1497726.0038706362,652933.992881313
HOU2024-24400,168 ALTON AVE,12/20/2024,CORRESPONDENCE /PHONE/EMAIL/IN,CLOSED,PES01,HOUSING INSPECTION GENERAL INFORMATION,1499279.993544802,651628.0079604834
HOU2024-24411,39 MACREADY AVE,12/20/2024,DUPLICATE/PRIOR NOTICE,CLOSED,PES01,PARKING IN THE GRASS,1500013.996669978,655148.9950129837
HOU2024-24422,19 MACREADY AVE,12/20/2024,NOT VALID,CLOSED,PES01,PARKING IN THE GRASS,1499690.003223464,655370.9981779009
HOU2024-24423,21 MACREADY AVE,12/20/2024,NOT VALID,CLOSED,PES01,PARKING IN THE GRASS,1499723.9998746365,655349.9939548075
HOU2024-24425,104 NOTRE DAME AVE,12/20/2024,CORRESPONDENCE /PHONE/EMAIL/IN,CLOSED,PES01,HOUSING INSPECTION GENERAL INFORMATION,1498667.002644807,652037.0018931478
HOU2024-24426,104 NOTRE DAME AVE,12/20/2024,CORRESPONDENCE /PHONE/EMAIL/IN,CLOSED,PES01,HOUSING INSPECTION GENERAL INFORMATION,1498667.002644807,652037.0018931478
HOU2024-24429,2019 STAPLETON CT,12/20/2024,CORRESPONDENCE /PHONE/EMAIL/IN,EXTENSION GRANTED,PES01,HOUSING INSPECTION GENERAL INFORMATION,1500182.9976443052,652217.9959537238
HOU2024-24430,353 DELL ST APT/UNIT A,12/20/2024,CORRESPONDENCE /PHONE/EMAIL/IN,EXTENSION GRANTED,PES01,HOUSING INSPECTION GENERAL INFORMATION,1498260.0077238828,649836.0079355538
HOU2024-24430,353 DELL ST APT/UNIT A,12/20/2024,CORRESPONDENCE /PHONE/EMAIL/IN,EXTENSION GRANTED,PES01,HOUSING INSPECTION GENERAL INFORMATION,1498260.0077238828,649836.0079355538
HOU2024-24430,353 DELL ST APT/UNIT A,12/20/2024,CORRESPONDENCE /PHONE/EMAIL/IN,EXTENSION GRANTED,PES01,HOUSING INSPECTION GENERAL INFORMATION,1498260.0077238828,649836.0079355538
HOU2024-24431,1519 LEO ST,12/20/2024,CORRESPONDENCE /PHONE/EMAIL/IN,EXTENSION GRANTED,PES01,HOUSING INSPECTION GENERAL INFORMATION,1498318.0069517195,653530.993327722
HOU2024-24433,1306 RAY ST,12/20/2024,CORRESPONDENCE /PHONE/EMAIL/IN,CLOSED,PES01,HOUSING INSPECTION GENERAL INFORMATION,1497319.9918873906,651617.9974818081
HOU2024-24451,3733 LAKEBEND DR APT/UNIT A2,12/23/2024,NOT VALID,CLOSED,PES01,DUMPING,1503103.003287226,659127.9968974739
HOU2025-00260,132 MACREADY AVE,1/8/2025,WARNING NOTICE,CLOSED,PES01,OUTDOOR STORAGE,1500348.0009232163,654772.9987177253
HOU2025-00261,25 BALTIMORE ST,1/8/2025,WARNING NOTICE,ACTIVE,PES01,OUTDOOR STORAGE,1498812.0010424703,651259.007386148
HOU2025-00262,90 NOTRE DAME AVE,1/8/2025,CITATION,OPEN,PES01,OUTDOOR STORAGE,1498624.9938705564,651868.0009188056
HOU2025-00339,513 BRANDT ST,1/10/2025,CORRESPONDENCE /PHONE/EMAIL/IN,CLOSED,PES01,TRASH/DEBRIS ON PREMISES,1501527.9929858,653973.9999876469
HOU2025-00340,28 LIGHT ST,1/10/2025,CORRESPONDENCE /PHONE/EMAIL/IN,EXTENSION GRANTED,PES01,HOUSING INSPECTION GENERAL INFORMATION,1498027.9937522262,649983.005344972
HOU2025-00346,136 NOTRE DAME AVE,1/10/2025,CORRESPONDENCE /PHONE/EMAIL/IN,CLOSED,PES01,HOUSING INSPECTION GENERAL INFORMATION,1498692.0045633018,652300.9971000552
HOU2025-00378,216 NOTRE DAME AVE,1/13/2025,WARNING NOTICE,CLOSED,PES01,OUTDOOR STORAGE,1498756.0004983097,652868.9976044744
HOU2025-00379,200 NOTRE DAME AVE,1/13/2025,WARNING NOTICE,CLOSED,PES01,OUTDOOR STORAGE,1498738.9939706326,652725.9982185662
HOU2025-00380,309 BALTIMORE ST,1/13/2025,WARNING NOTICE,CLOSED,PES01,OUTDOOR STORAGE,1498984.9997122139,653146.0019717216
HOU2025-00384,309 BALTIMORE ST,1/13/2025,CORRESPONDENCE /PHONE/EMAIL/IN,CLOSED,PES01,HOUSING INSPECTION GENERAL INFORMATION,1498984.9997122139,653146.0019717216
HOU2025-00388,2074 STANVIEW AVE,1/13/2025,CORRESPONDENCE /PHONE/EMAIL/IN,CLOSED,PES01,HOUSING INSPECTION GENERAL INFORMATION,1500947.999395132,653092.9997811466
HOU2025-00390,136 NOTRE DAME AVE,1/13/2025,CORRESPONDENCE /PHONE/EMAIL/IN,CLOSED,PES01,HOUSING INSPECTION GENERAL INFORMATION,1498692.0045633018,652300.9971000552
HOU2025-00412,136 NOTRE DAME AVE,1/13/2025,RECHECK,CLOSED,PES01,REINSPECTION REQUEST,1498692.0045633018,652300.9971000552
HOU2025-00422,203 ALASKA ST,1/13/2025,RECHECK,OPEN,PES01,REINSPECTION REQUEST,1499506.9937469661,651931.9968538135
HOU2025-00428,1710 LEO ST,1/13/2025,RECHECK,CLOSED,PES01,REINSPECTION REQUEST,1498846.9970354736,653371.0034902245
HOU2025-00429,1710 LEO ST,1/13/2025,RECHECK,CLOSED,PES01,REINSPECTION REQUEST,1498846.9970354736,653371.0034902245
HOU2025-00431,212 NOTRE DAME AVE,1/13/2025,RECHECK,CLOSED,PES01,REQUESTING REINSPECTION,1498754.0014865547,652835.0009533167
HOU2025-00444,168 ALTON AVE,1/13/2025,RECHECK,OPEN,PES01,REINSPECTION REQUEST,1499279.993544802,651628.0079604834
HOU2025-00445,2074 STANVIEW AVE,1/13/2025,RECHECK,CLOSED,PES01,REQUESTING REINSPECTION,1500947.999395132,653092.9997811466
HOU2025-00573,318 DEEDS AVE,1/15/2025,FOURTH DEGREE,OPEN,PES01,OUTDOOR STORAGE,1497241.0048406422,650988.9990678877
HOU2025-00576,102 ALASKA ST,1/15/2025,CORRESPONDENCE /PHONE/EMAIL/IN,CLOSED,PES01,HOUSING INSPECTION GENERAL INFORMATION,1499572.0054279715,651467.0023769736
HOU2025-00602,505 BRANDT ST,1/15/2025,WARNING NOTICE,CLOSED,PES01,PARKING IN THE GRASS,1501489.998639226,653894.9965367317
HOU2025-00604,1229 SAINT ADALBERT AVE,1/15/2025,CORRESPONDENCE /PHONE/EMAIL/IN,CLOSED,PES01,HOUSING INSPECTION GENERAL INFORMATION,1502700.0060617179,654341.0018783063
HOU2025-00605,232 ALASKA ST,1/15/2025,CORRESPONDENCE /PHONE/EMAIL/IN,CLOSED,PES01,OUTDOOR STORAGE,1499666.0006467998,652182.0002908111
HOU2025-00640,163 KELLY AVE,1/16/2025,RE-INSPECTION,CLOSED,PES01,REQUESTING REINSPECTION,1500160.9940793812,655430.9964174777
HOU2025-00641,55 BRANDT ST,1/16/2025,RE-INSPECTION,CLOSED,PES01,REINSPECTION REQUEST,1500793.0065948814,652552.9995488077
HOU2025-00642,413 BRANDT ST,1/16/2025,RE-INSPECTION,CLOSED,PES01,REQUESTING REINSPECTION,1501389.007371381,653730.9925996363
HOU2025-00646,233 VALLEY ST,1/16/2025,RE-INSPECTION,CLOSED,PES01,REINSPECTION REQUEST,1497928.0021543056,649479.0004474819
HOU2025-00649,1303 VALLEY ST,1/16/2025,RE-INSPECTION,CLOSED,PES01,REINSPECTION REQUEST,1502035.9952506423,653234.0004833937
HOU2025-00651,1125 SAINT ADALBERT AVE,1/16/2025,RE-INSPECTION,CLOSED,PES01,REINSPECTION REQUEST,1502825.9989199638,653993.0055270642
HOU2025-00679,132 MACREADY AVE,1/17/2025,CORRESPONDENCE /PHONE/EMAIL/IN,CLOSED,PES01,OUTDOOR STORAGE,1500348.0009232163,654772.9987177253
HOU2025-00761,200 NOTRE DAME AVE,1/21/2025,CORRESPONDENCE /PHONE/EMAIL/IN,CLOSED,PES01,HOUSING INSPECTION GENERAL INFORMATION,1498738.9939706326,652725.9982185662
HOU2025-00793,335 GROVE AVE,1/21/2025,CORRESPONDENCE /PHONE/EMAIL/IN,EXTENSION GRANTED,PES01,HOUSING INSPECTION GENERAL INFORMATION,1498312.9935103059,653040.9969323874
HOU2025-00795,7 GROVE AVE,1/21/2025,CORRESPONDENCE /PHONE/EMAIL/IN,CLOSED,PES01,HOUSING INSPECTION GENERAL INFORMATION,1498170.9934662282,650823.9957889766
HOU2025-00799,232 ALASKA ST,1/21/2025,CORRESPONDENCE /PHONE/EMAIL/IN,CLOSED,PES01,HOUSING INSPECTION GENERAL INFORMATION,1499666.0006467998,652182.0002908111
HOU2025-00832,90 NOTRE DAME AVE,1/22/2025,RECHECK,OPEN,PES01,REINSPECTION REQUEST,1498624.9938705564,651868.0009188056
HOU2025-00834,203 HART ST,1/22/2025,BOARDING REQUESTED,OPEN,PES01,VACANT STRUCTURE - OPEN,1497249.0002314746,651186.0003143102
HOU2025-00844,123 ALASKA ST,1/22/2025,CITATION,OPEN,PES01,OUTDOOR STORAGE,1499485.0065862238,651641.0003885627
HOU2025-00850,200 NOTRE DAME AVE,1/22/2025,CORRESPONDENCE /PHONE/EMAIL/IN,CLOSED,PES01,HOUSING INSPECTION GENERAL INFORMATION,1498738.9939706326,652725.9982185662
HOU2025-00851,37 ALASKA ST,1/22/2025,WARNING NOTICE,CLOSED,PES01,OUTDOOR STORAGE,1499435.0024211407,651131.9987818897
HOU2025-00854,159 BALTIMORE ST,1/22/2025,FOURTH DEGREE,OPEN,PES01,OUTDOOR STORAGE,1498923.002460882,652462.002683565
HOU2025-00855,200 NOTRE DAME AVE,1/22/2025,CORRESPONDENCE /PHONE/EMAIL/IN,CLOSED,PES01,OUTDOOR STORAGE,1498738.9939706326,652725.9982185662
HOU2025-01242,167 GROVE AVE,1/31/2025,CORRESPONDENCE /PHONE/EMAIL/IN,CLOSED,PES01,TRASH IN YARD OR NEAR ALLEY,1498181.0039448887,651695.0022490621
HOU2025-01246,544 TROY ST,1/31/2025,CORRESPONDENCE /PHONE/EMAIL/IN,CLOSED,PES01,OUTDOOR STORAGE,1497966.996170804,651548.0048396438
HOU2025-01248,548 TROY ST,1/31/2025,WARNING NOTICE,OPEN,PES01,TRASH/DEBRIS ON PREMISES,1497970.9938662201,651598.9919423908
HOU2025-01249,151 GROVE AVE,1/31/2025,CORRESPONDENCE /PHONE/EMAIL/IN,CLOSED,PES01,TRASH/DEBRIS ON PREMISES,1498178.005591303,651581.002148971
HOU2025-01266,37 ALASKA ST,1/31/2025,CORRESPONDENCE /PHONE/EMAIL/IN,ACTIVE,PES01,OUTDOOR STORAGE,1499435.0024211407,651131.9987818897
HOU2025-01268,203 GROVE AVE,1/31/2025,RE-INSPECTION,CLOSED,PES01,VACANT STRUCTURE - OPEN,1498208.0048751384,652039.000576809
HOU2025-01349,123 ALASKA ST,2/3/2025,RECHECK,OPEN,PES01,REINSPECTION REQUEST,1499485.0065862238,651641.0003885627
HOU2025-01354,614 TROY ST,2/3/2025,BOARDING VERIFIED,CLOSED,PES01,REINSPECTION REQUEST,1497979.0056612194,651737.9936328977
HOU2025-01358,1330 LAMAR ST,2/3/2025,BOARDING REQUESTED,OPEN,PES01,OUTDOOR STORAGE,1497636.006675303,652946.0023717284
HOU2025-01362,521 MARYLAND AVE,2/3/2025,BOARDING REQUESTED,OPEN,PES01,VACANT STRUCTURE - OPEN,1497527.0039405525,651879.9940050542
HOU2025-01389,544 TROY ST,2/3/2025,WARNING NOTICE,CLOSED,PES01,OUTDOOR STORAGE,1497966.996170804,651548.0048396438
HOU2025-01401,132 MACREADY AVE,2/3/2025,RE-INSPECTION,CLOSED,PES01,REINSPECTION REQUEST,1500348.0009232163,654772.9987177253
HOU2025-01485,57 ALASKA ST,2/4/2025,RE-INSPECTION,CLOSED,PES01,REINSPECTION REQUEST,1499452.9922145605,651282.9935586452
HOU2025-01490,320 ALASKA ST,2/4/2025,RE-INSPECTION,CLOSED,PES01,REINSPECTION REQUEST,1499724.9992164671,652819.9931093156
HOU2025-01492,412 ALASKA ST,2/4/2025,RE-INSPECTION,CLOSED,PES01,REINSPECTION REQUEST,1499753.9991584718,653102.9938556403
HOU2025-01494,250 ALTON AVE,2/4/2025,RE-INSPECTION,CLOSED,PES01,REINSPECTION REQUEST,1499360.9960074723,652350.0015952289
HOU2025-01495,247 ALTON AVE,2/4/2025,RE-INSPECTION,CLOSED,PES01,REINSPECTION REQUEST,1499230.0057838857,652326.9986884743
HOU2025-01506,146 ALTON AVE,2/4/2025,RE-INSPECTION,CLOSED,PES01,REINSPECTION REQUEST,1499258.006055966,651432.0060558915
HOU2025-01507,11 BALTIMORE ST,2/4/2025,RE-INSPECTION,CLOSED,PES01,REINSPECTION REQUEST,1498797.9925403,651114.9922542274
HOU2025-01514,54 BALTIMORE ST,2/4/2025,RE-INSPECTION,CLOSED,PES01,REINSPECTION REQUEST,1498953.0017447174,651529.998970151
HOU2025-01515,58 BALTIMORE ST,2/4/2025,RE-INSPECTION,CLOSED,PES01,REQUESTING REINSPECTION,1498956.9994401336,651560.9972677231
HOU2025-01521,120 BALTIMORE ST,2/4/2025,RE-INSPECTION,CLOSED,PES01,REINSPECTION REQUEST,1499012.999984309,652146.0046278983
HOU2025-01566,203 ALASKA ST,2/5/2025,BOARDING VERIFIED,CLOSED,PES01,VACANT STRUCTURE - OPEN,1499506.9937469661,651931.9968538135
HOU2025-01567,2030 STAPLETON CT,2/5/2025,BOARDING VERIFIED,CLOSED,PES01,VACANT STRUCTURE - OPEN,1500222.0080649704,652063.0031534731
HOU2025-01571,125 BALTIMORE ST,2/5/2025,RE-INSPECTION,CLOSED,PES01,REINSPECTION REQUEST,1498896.0018587261,652190.9950234741
HOU2025-01574,173 BALTIMORE ST,2/5/2025,RE-INSPECTION,CLOSED,PES01,REINSPECTION REQUEST,1498933.9962053,652595.0079949796
HOU2025-01585,2048 BELLEFONTAINE AVE,2/5/2025,RE-INSPECTION,CLOSED,PES01,REINSPECTION REQUEST,1500886.002471894,653741.0034063905
HOU2025-01588,515 BENTLEY ST,2/5/2025,RE-INSPECTION,CLOSED,PES01,REINSPECTION REQUEST,1501243.9928976446,654091.9977831393
HOU2025-01670,2013 VALLEY ST,2/6/2025,BOARDING REQUESTED,OPEN,PES01,VACANT STRUCTURE - OPEN,1505170.9919333905,654949.9950828999
HOU2025-01673,2168 BICKMORE AVE,2/6/2025,WARNING NOTICE,CLOSED,PES01,OUTDOOR STORAGE,1502075.0056713074,653440.9958043098
HOU2025-01680,2168 BICKMORE AVE,2/6/2025,LEGAL ORDER,OPEN,PES01,EXTERIOR STRUCTURE PROBLEMS/DETERIORATED,1502075.0056713074,653440.9958043098
HOU2025-01682,1919 VALLEY ST,2/6/2025,WARNING NOTICE,CLOSED,PES01,OUTDOOR STORAGE,1504787.9992610514,654672.007777974
HOU2025-01683,33 BRANDT ST,2/6/2025,RE-INSPECTION,CLOSED,PES01,REINSPECTION REQUEST,1500677.0081392229,652339.0081788898
HOU2025-01684,2021 BICKMORE AVE,2/6/2025,RE-INSPECTION,CLOSED,PES01,REINSPECTION REQUEST,1500956.99412781,654155.9937181473
HOU2025-01685,2033 BICKMORE AVE,2/6/2025,RE-INSPECTION,CLOSED,PES01,REQUESTING REINSPECTION,1501023.0054787248,654105.0066154003
HOU2025-01687,2132 BICKMORE AVE,2/6/2025,RE-INSPECTION,CLOSED,PES01,REINSPECTION REQUEST,1501758.0079457164,653609.9967786372
HOU2025-01690,2141 BICKMORE AVE,2/6/2025,RE-INSPECTION,CLOSED,PES01,REQUESTING REINSPECTION,1501927.9918577224,653629.0023180544
HOU2025-01830,2013 VALLEY ST,2/7/2025,NOT VALID,ACTIVE,PES01,VACANT STRUCTURE - OPEN,1505170.9919333905,654949.9950828999
HOU2025-01848,1302 LEO ST,2/7/2025,CORRESPONDENCE /PHONE/EMAIL/IN,CLOSED,PES01,ELECTRIC - NONE,1497476.0004336387,653506.0074853152
HOU2025-01852,151 GROVE AVE,2/7/2025,CORRESPONDENCE /PHONE/EMAIL/IN,CLOSED,PES01,HOUSING INSPECTION GENERAL INFORMATION,1498178.005591303,651581.002148971
HOU2025-01863,2153 BELLEFONTAINE AVE,2/7/2025,CORRESPONDENCE /PHONE/EMAIL/IN,CLOSED,PES01,HOUSING INSPECTION GENERAL INFORMATION,1501848.0051410496,653340.0048645586
HOU2025-01867,144 BALTIMORE ST,2/7/2025,CORRESPONDENCE /PHONE/EMAIL/IN,CLOSED,PES01,EXTERIOR STRUCTURE PROBLEMS/DETERIORATED,1499030.0065119714,652343.005874306
HOU2025-01869,24 BRIGHTON ST,2/7/2025,CORRESPONDENCE /PHONE/EMAIL/IN,CLOSED,PES01,HOUSING INSPECTION GENERAL INFORMATION,1500572.0030998886,652709.007766977
HOU2025-01876,2048 BELLEFONTAINE AVE,2/7/2025,CORRESPONDENCE /PHONE/EMAIL/IN,CLOSED,PES01,HOUSING INSPECTION GENERAL INFORMATION,1500886.002471894,653741.0034063905
HOU2025-01878,412 HART ST,2/7/2025,CORRESPONDENCE /PHONE/EMAIL/IN,CLOSED,PES01,HOUSING INSPECTION GENERAL INFORMATION,1498017.0000078082,651004.0069118887
HOU2025-01942,81 BRANDT ST,2/10/2025,RE-INSPECTION,CLOSED,PES01,REQUESTING REINSPECTION,1500893.9978627264,652751.0001370609
HOU2025-01943,217 BRANDT ST,2/10/2025,RE-INSPECTION,CLOSED,PES01,REINSPECTION REQUEST,1501150.997020632,653242.9952160567
HOU2025-01963,306 BRANDT ST,2/10/2025,RE-INSPECTION,CLOSED,PES01,REINSPECTION REQUEST,1501328.9930557162,653326.9960323125
HOU2025-01965,520 BRANDT ST,2/10/2025,RE-INSPECTION,CLOSED,PES01,REINSPECTION REQUEST,1501668.993688047,653981.9953784794
HOU2025-01966,2048 BELLEFONTAINE AVE,2/10/2025,CORRESPONDENCE /PHONE/EMAIL/IN,CLOSED,PES01,HOUSING INSPECTION GENERAL INFORMATION,1500886.002471894,653741.0034063905
HOU2025-02049,320 ALASKA ST,2/11/2025,CORRESPONDENCE /PHONE/EMAIL/IN,CLOSED,PES01,HOUSING INSPECTION GENERAL INFORMATION,1499724.9992164671,652819.9931093156
HOU2025-02085,2606 OLD TROY PIKE,2/11/2025,TEAMED,CLOSED,JER01,VEHICLE - PARKING IN THE YARD,1502117.4596546441,658628.9732892215
HOU2025-02140,1209 CHAPEL ST,2/11/2025,RE-INSPECTION,CLOSED,PES01,REQUESTING REINSPECTION,1497279.9985290617,650852.9957309812
HOU2025-02141,1546 CHAPEL ST,2/11/2025,RE-INSPECTION,CLOSED,PES01,REQUESTING REINSPECTION,1498640.0017145574,650622.9968471378
HOU2025-02143,1538 CHAPEL ST,2/11/2025,RE-INSPECTION,CLOSED,PES01,REINSPECTION REQUEST,1498562.9969473034,650633.007653892
HOU2025-02144,1526 CHAPEL ST,2/11/2025,RE-INSPECTION,CLOSED,PES01,REQUESTING REINSPECTION,1498484.9928382188,650639.0040329695
HOU2025-02145,1515 CHAPEL ST,2/11/2025,RE-INSPECTION,CLOSED,PES01,REINSPECTION REQUEST,1498379.0045331419,650752.0044631362
HOU2025-02146,608 HART ST,2/11/2025,BOARDING VERIFIED,CLOSED,PES01,VACANT STRUCTURE - OPEN,1498603.0067097992,650947.0070258975
HOU2025-02168,412 HART ST,2/11/2025,CORRESPONDENCE /PHONE/EMAIL/IN,CLOSED,PES01,HOUSING INSPECTION GENERAL INFORMATION,1498017.0000078082,651004.0069118887
HOU2025-02176,2606 OLD TROY PIKE,2/11/2025,RE-INSPECTION,CLOSED,PES01,VEHICLE - PARKING IN THE YARD,1502117.4596546441,658628.9732892215
HOU2025-02193,2076 BELLEFONTAINE AVE,2/12/2025,WARNING NOTICE,CLOSED,PES01,OUTDOOR STORAGE,1501145.0006415546,653605.999083221
HOU2025-02194,311 BRANDT ST,2/12/2025,WARNING NOTICE,CLOSED,PES01,OUTDOOR STORAGE,1501243.9928976446,653436.9981088936
HOU2025-02196,55 PAW PAW ST,2/12/2025,WARNING NOTICE,OPEN,PES01,OUTDOOR STORAGE,1502399.998787716,653980.9960366488
HOU2025-02222,20 URBANA AVE,2/12/2025,WARNING NOTICE,EXTENSION GRANTED,PES01,OUTDOOR STORAGE,1501992.0041968822,653775.9993993938
HOU2025-02226,224 HART ST,2/12/2025,WARNING NOTICE,CLOSED,PES01,TRASH IN YARD OR NEAR ALLEY,1497426.995938465,651059.0081142336
HOU2025-02231,212 HART ST,2/12/2025,CORRESPONDENCE /PHONE/EMAIL/IN,CLOSED,PES01,OUTDOOR STORAGE,1497323.006645143,651065.004493311
HOU2025-02297,1414 LEONHARD ST,2/13/2025,WARNING NOTICE,OPEN,PES01,TRASH/DEBRIS ON PREMISES,1497870.8874391317,652651.024943307
HOU2025-02298,1209 CHAPEL ST,2/13/2025,WARNING NOTICE,CLOSED,PES01,OUTDOOR STORAGE,1497279.9985290617,650852.9957309812
HOU2025-02305,1302 LEO ST,2/13/2025,CORRESPONDENCE /PHONE/EMAIL/IN,CLOSED,PES01,ELECTRIC - NONE,1497476.0004336387,653506.0074853152
HOU2025-02382,747 TROY ST,2/13/2025,WARNING NOTICE,CLOSED,PES01,OUTDOOR STORAGE,1497944.992277801,652519.0025695562
HOU2025-02384,1401 LEONHARD ST,2/13/2025,WARNING NOTICE,CLOSED,PES01,OUTDOOR STORAGE,1497706.998331219,652766.0079810619
HOU2025-02385,1301 LAMAR ST,2/13/2025,WARNING NOTICE,CLOSED,PES01,OUTDOOR STORAGE,1497430.9936338812,653067.997862637
HOU2025-02461,1309 LAMAR ST,2/14/2025,CORRESPONDENCE /PHONE/EMAIL/IN,CLOSED,PES01,OUTDOOR STORAGE,1497485.9945081323,653063.0004973114
HOU2025-02463,1306 SCHAEFFER ST,2/14/2025,WARNING NOTICE,OPEN,PES01,OUTDOOR STORAGE,1497469.0043846369,653234.9998252243
HOU2025-02469,1325 LAMAR ST,2/14/2025,WARNING NOTICE,ACTIVE,PES01,VEHICLE - OTHER,1497616.001794055,653051.0074110627
HOU2025-02482,2033 BICKMORE AVE,2/14/2025,CORRESPONDENCE /PHONE/EMAIL/IN,CLOSED,PES01,EXTERIOR STRUCTURE PROBLEMS/DETERIORATED,1501023.0054787248,654105.0066154003
HOU2025-02486,236 ALTON AVE,2/14/2025,CORRESPONDENCE /PHONE/EMAIL/IN,CLOSED,PES01,EXTERIOR STRUCTURE PROBLEMS/DETERIORATED,1499348.003579393,652236.0018232316
HOU2025-02489,217 BRANDT ST,2/14/2025,WARNING NOTICE,CLOSED,PES01,HOUSING INSPECTION GENERAL INFORMATION,1501150.997020632,653242.9952160567
HOU2025-02499,151 GROVE AVE,2/14/2025,CORRESPONDENCE /PHONE/EMAIL/IN,CLOSED,PES01,TRASH/DEBRIS ON PREMISES,1498178.005591303,651581.002148971
HOU2025-02501,22 URBANA AVE,2/14/2025,CORRESPONDENCE /PHONE/EMAIL/IN,CLOSED,PES01,HOUSING INSPECTION GENERAL INFORMATION,1502022.0034807175,653814.9934158921
HOU2025-02502,2057 BELLEFONTAINE AVE,2/14/2025,CORRESPONDENCE /PHONE/EMAIL/IN,CLOSED,PES01,EXTERIOR STRUCTURE PROBLEMS/DETERIORATED,1500963.0072391331,653860.0002156496
HOU2025-02504,75 ALASKA ST,2/14/2025,CORRESPONDENCE /PHONE/EMAIL/IN,CLOSED,PES01,OUTDOOR STORAGE,1499457.0063141435,651426.9926144779
HOU2025-02533,212 NOTRE DAME AVE,2/17/2025,RECHECK,OPEN,PES01,REINSPECTION REQUEST,1498754.0014865547,652835.0009533167
HOU2025-02549,528 DEEDS AVE,2/17/2025,RE-INSPECTION,CLOSED,PES01,REQUESTING REINSPECTION,1497372.9940779656,652465.0010371506
HOU2025-02550,444 DEEDS AVE,2/17/2025,RE-INSPECTION,CLOSED,PES01,REINSPECTION REQUEST,1497350.0075753927,652094.001779139
HOU2025-02551,414 DEEDS AVE,2/17/2025,RE-INSPECTION,CLOSED,PES01,REINSPECTION REQUEST,1497333.0007196367,651824.9928027242
HOU2025-02553,410 DEEDS AVE,2/17/2025,RE-INSPECTION,CLOSED,PES01,REINSPECTION REQUEST,1497321.007633388,651783.0004326403
HOU2025-02555,354 DEEDS AVE,2/17/2025,RE-INSPECTION,CLOSED,PES01,REINSPECTION REQUEST,1497279.9985290617,651398.9923423976
HOU2025-02556,348 DEEDS AVE,2/17/2025,RE-INSPECTION,CLOSED,PES01,REINSPECTION REQUEST,1497277.000503555,651337.9947609752
HOU2025-02559,203 HART ST,2/17/2025,BOARDING REQUESTED,OPEN,PES01,VACANT STRUCTURE - OPEN,1497249.0002314746,651186.0003143102
HOU2025-02634,354 DEEDS AVE,2/18/2025,EMERGENCY REPAIR,OPEN,PES01,ELECTRIC - NONE,1497279.9985290617,651398.9923423976
HOU2025-02639,344 DEEDS AVE,2/18/2025,RE-INSPECTION,CLOSED,PES01,REQUESTING REINSPECTION,1497274.0021499693,651304.9974516481
HOU2025-02641,327 DEEDS AVE,2/18/2025,RE-INSPECTION,CLOSED,PES01,REINSPECTION REQUEST,1497139.9974967241,651086.9919821471
HOU2025-02643,243 DEEDS AVE,2/18/2025,RE-INSPECTION,CLOSED,PES01,REINSPECTION REQUEST,1497108.9988710582,650766.9959029704
HOU2025-02706,218 DEEDS AVE,2/19/2025,WARNING NOTICE,EXTENSION GRANTED,PES01,VEHICLE - PARKING IN THE YARD,1497187.0029801428,650529.0019563884
HOU2025-02707,142 DEEDS AVE,2/19/2025,WARNING NOTICE,EXTENSION GRANTED,PES01,"FENCE CONSTRUCTION, DAMAGED OR DETERIORA...",1497163.9997453094,650280.9975311458
HOU2025-02739,165 RITA ST,2/19/2025,RE-INSPECTION,CLOSED,PES01,REINSPECTION REQUEST,1499934.9932190478,652439.999118641
HOU2025-02744,136 RITA ST,2/19/2025,RE-INSPECTION,CLOSED,PES01,REINSPECTION REQUEST,1500077.992604971,652180.0012790561
HOU2025-02760,164 ALTON AVE,2/19/2025,RE-INSPECTION,CLOSED,PES01,REINSPECTION REQUEST,1499277.994533047,651594.9942469746
HOU2025-02827,57 ALASKA ST,2/20/2025,CORRESPONDENCE /PHONE/EMAIL/IN,CLOSED,PES01,HOUSING INSPECTION GENERAL INFORMATION,1499452.9922145605,651282.9935586452
HOU2025-02833,2057 BELLEFONTAINE AVE,2/20/2025,CORRESPONDENCE /PHONE/EMAIL/IN,CLOSED,PES01,HOUSING INSPECTION GENERAL INFORMATION,1500963.0072391331,653860.0002156496
HOU2025-02835,75 ALASKA ST,2/20/2025,CORRESPONDENCE /PHONE/EMAIL/IN,CLOSED,PES01,HOUSING INSPECTION GENERAL INFORMATION,1499457.0063141435,651426.9926144779
HOU2025-02844,335 GROVE AVE,2/20/2025,CORRESPONDENCE /PHONE/EMAIL/IN,CLOSED,PES01,HOUSING INSPECTION GENERAL INFORMATION,1498312.9935103059,653040.9969323874
HOU2025-02851,20 URBANA AVE,2/20/2025,CORRESPONDENCE /PHONE/EMAIL/IN,CLOSED,PES01,HOUSING INSPECTION GENERAL INFORMATION,1501992.0041968822,653775.9993993938
HOU2025-02857,414 DEEDS AVE,2/20/2025,CORRESPONDENCE /PHONE/EMAIL/IN,CLOSED,PES01,HOUSING INSPECTION GENERAL INFORMATION,1497333.0007196367,651824.9928027242
HOU2025-02864,216 NOTRE DAME AVE,2/20/2025,RE-INSPECTION,CLOSED,PES01,REINSPECTION REQUEST,1498756.0004983097,652868.9976044744
HOU2025-02868,309 BALTIMORE ST,2/20/2025,RE-INSPECTION,CLOSED,PES01,REINSPECTION REQUEST,1498984.9997122139,653146.0019717216
HOU2025-02911,2048 BICKMORE AVE,2/21/2025,CORRESPONDENCE /PHONE/EMAIL/IN,CLOSED,PES01,WATER - NONE,1501091.9984509647,653942.0023482293
HOU2025-03013,212 NOTRE DAME AVE,2/24/2025,RECHECK,OPEN,PES01,REINSPECTION REQUEST,1498754.0014865547,652835.0009533167
HOU2025-03021,333 DELL ST,2/24/2025,RE-INSPECTION,CLOSED,PES01,REINSPECTION REQUEST,1498084.9936382174,649860.9934498966
HOU2025-03023,317 DELL ST,2/24/2025,RE-INSPECTION,CLOSED,PES01,REINSPECTION REQUEST,1497925.00380072,649882.9973428994
HOU2025-03024,1246 HARKER ST,2/24/2025,RE-INSPECTION,CLOSED,PES01,REINSPECTION REQUEST,1498027.9937522262,654437.9951226413
HOU2025-03025,1237 HARKER ST,2/24/2025,RE-INSPECTION,CLOSED,PES01,REINSPECTION REQUEST,1497916.9920057207,654486.0002759695
HOU2025-03026,1258 HARKER ST,2/24/2025,RE-INSPECTION,CLOSED,PES01,REINSPECTION REQUEST,1498090.007079631,654513.0008781403
HOU2025-03027,189 GROVE AVE,2/24/2025,RE-INSPECTION,CLOSED,PES01,REINSPECTION REQUEST,1498198.9934102148,651879.9940050542
HOU2025-03030,166 GROVE AVE,2/24/2025,RE-INSPECTION,CLOSED,PES01,REINSPECTION REQUEST,1498303.9987776428,651682.9927586466
HOU2025-03031,202 GROVE AVE,2/24/2025,RE-INSPECTION,CLOSED,PES01,REINSPECTION REQUEST,1498327.0016843826,652022.9933909774
HOU2025-03032,204 GROVE AVE,2/24/2025,RE-INSPECTION,CLOSED,PES01,REINSPECTION REQUEST,1498335.9964170605,652057.0067743957
HOU2025-03104,2048 BICKMORE AVE,2/25/2025,CORRESPONDENCE /PHONE/EMAIL/IN,CLOSED,PES01,WATER - NONE,1501091.9984509647,653942.0023482293
HOU2025-03108,327 DEEDS AVE,2/25/2025,CORRESPONDENCE /PHONE/EMAIL/IN,CLOSED,PES01,HOUSING INSPECTION GENERAL INFORMATION,1497139.9974967241,651086.9919821471
HOU2025-03114,1326 SCHAEFFER ST,2/25/2025,CORRESPONDENCE /PHONE/EMAIL/IN,CLOSED,PES01,HOUSING INSPECTION GENERAL INFORMATION,1497634.007663548,653217.993297562
HOU2025-03115,426 DEEDS AVE,2/25/2025,CORRESPONDENCE /PHONE/EMAIL/IN,CLOSED,PES01,HOUSING INSPECTION GENERAL INFORMATION,1497335.9990732223,651928.9985002279
HOU2025-03118,28 LIGHT ST,2/25/2025,NOT VALID,CLOSED,PES01,HOUSING INSPECTION GENERAL INFORMATION,1498027.9937522262,649983.005344972
HOU2025-03133,24 BRIGHTON ST,2/25/2025,CORRESPONDENCE /PHONE/EMAIL/IN,CLOSED,PES01,HOUSING INSPECTION GENERAL INFORMATION,1500572.0030998886,652709.007766977
HOU2025-03138,136 RITA ST,2/25/2025,CORRESPONDENCE /PHONE/EMAIL/IN,CLOSED,PES01,HOUSING INSPECTION GENERAL INFORMATION,1500077.992604971,652180.0012790561
HOU2025-03149,147 GROVE AVE,2/25/2025,WARNING NOTICE,OPEN,PES01,OUTDOOR STORAGE,1498175.0072377175,651524.0022629797
HOU2025-03151,309 NOTRE DAME AVE,2/25/2025,BOARDING REQUESTED,OPEN,PES01,VACANT STRUCTURE - OPEN,1498652.9941426367,653171.0038902313
HOU2025-03152,317 BALTIMORE ST,2/25/2025,WARNING NOTICE,OPEN,PES01,OUTDOOR STORAGE,1498994.9937867224,653213.9956021458
HOU2025-03153,1246 HARKER ST,2/25/2025,WARNING NOTICE,OPEN,PES01,OUTDOOR STORAGE,1498027.9937522262,654437.9951226413
HOU2025-03156,1285 HARKER ST,2/25/2025,WARNING NOTICE,EXTENSION GRANTED,PES01,OUTDOOR STORAGE,1498167.4380271435,654764.1841028035
HOU2025-03157,317 DELL ST,2/25/2025,CITATION,OPEN,PES01,OUTDOOR STORAGE,1497925.00380072,649882.9973428994
HOU2025-03158,317 DELL ST,2/25/2025,CITATION,OPEN,PES01,OUTDOOR STORAGE,1497925.00380072,649882.9973428994
HOU2025-03159,309 NOTRE DAME AVE,2/25/2025,WARNING NOTICE,OPEN,PES01,OUTDOOR STORAGE,1498652.9941426367,653171.0038902313
HOU2025-03168,23 LIGHT ST,2/25/2025,LEGAL ORDER,OPEN,PES01,VACANT LOT COMPLAINTS,1498002.9918337166,650083.9962847233
HOU2025-03171,309 NOTRE DAME AVE,2/25/2025,NOT VALID,ACTIVE,PES01,GARAGE SHED ACCESSORY STRUCTURE DETERIOR...,1498652.9941426367,653171.0038902313
HOU2025-03172,509 BRANDT ST,2/25/2025,RE-INSPECTION,CLOSED,PES01,REQUESTING REINSPECTION,1501514.00121589,653940.0033364743
HOU2025-03182,544 TROY ST,2/25/2025,RE-INSPECTION,CLOSED,PES01,OUTDOOR STORAGE,1497966.996170804,651548.0048396438
HOU2025-03184,544 TROY ST,2/25/2025,RE-INSPECTION,CLOSED,PES01,REINSPECTION REQUEST,1497966.996170804,651548.0048396438
HOU2025-03188,216 NOTRE DAME AVE,2/25/2025,RE-INSPECTION,CLOSED,PES01,REINSPECTION REQUEST,1498756.0004983097,652868.9976044744
HOU2025-03254,203 ALASKA ST,2/26/2025,CORRESPONDENCE /PHONE/EMAIL/IN,CLOSED,PES01,VACANT STRUCTURE - OPEN,1499506.9937469661,651931.9968538135
HOU2025-03266,108 MACREADY AVE,2/26/2025,CORRESPONDENCE /PHONE/EMAIL/IN,CLOSED,PES01,VEHICLE - OTHER,1500092.0007790476,654949.9950828999
HOU2025-03268,39 MACREADY AVE,2/26/2025,CORRESPONDENCE /PHONE/EMAIL/IN,CLOSED,PES01,HOUSING INSPECTION GENERAL INFORMATION,1500013.996669978,655148.9950129837
HOU2025-03269,2168 BICKMORE AVE,2/26/2025,RE-INSPECTION,CLOSED,PES01,REINSPECTION REQUEST,1502075.0056713074,653440.9958043098
HOU2025-03344,37 ALASKA ST,2/27/2025,RE-INSPECTION,CLOSED,PES01,REQUESTING REINSPECTION,1499435.0024211407,651131.9987818897
HOU2025-03348,505 BRANDT ST,2/27/2025,RE-INSPECTION,CLOSED,PES01,REINSPECTION REQUEST,1501489.998639226,653894.9965367317
HOU2025-03350,1919 VALLEY ST,2/27/2025,RE-INSPECTION,CLOSED,PES01,REINSPECTION REQUEST,1504787.9992610514,654672.007777974
HOU2025-03351,531 BALTIMORE ST,2/27/2025,RE-INSPECTION,CLOSED,PES01,REINSPECTION REQUEST,1499047.9959772974,654084.0023923069
HOU2025-03367,1229 SAINT ADALBERT AVE,2/27/2025,CORRESPONDENCE /PHONE/EMAIL/IN,CLOSED,PES01,OUTDOOR STORAGE,1502700.0060617179,654341.0018783063
HOU2025-03369,321 BRANDT ST,2/27/2025,BOARDING VERIFIED,CLOSED,PES01,REINSPECTION REQUEST,1501293.996734634,653544.0021599829
HOU2025-03377,115 ALASKA ST,2/27/2025,BOARDING VERIFIED,CLOSED,PES01,REINSPECTION REQUEST,1499466.0010468066,651569.9923284799
HOU2025-03379,23 LIGHT ST,2/27/2025,BOARDING VERIFIED,CLOSED,PES01,REQUESTING REINSPECTION,1498002.9918337166,650083.9962847233
HOU2025-03384,244 AIR ST,2/27/2025,BOARDING VERIFIED,CLOSED,PES01,REINSPECTION REQUEST,1498224.9949986339,650398.9949985594
HOU2025-03391,917 TROY ST,2/27/2025,BOARDING VERIFIED,CLOSED,PES01,REQUESTING REINSPECTION,1497991.9980892986,653133.9924813062
HOU2025-03393,1330 LAMAR ST,2/27/2025,BOARDING VERIFIED,CLOSED,PES01,REINSPECTION REQUEST,1497636.006675303,652946.0023717284
HOU2025-03414,117 RITA ST,2/27/2025,CORRESPONDENCE /PHONE/EMAIL/IN,CLOSED,PES01,OUTDOOR STORAGE,1499859.0041978061,652032.0045278072
HOU2025-03453,1209 CHAPEL ST,2/28/2025,RE-INSPECTION,CLOSED,PES01,REQUESTING REINSPECTION,1497279.9985290617,650852.9957309812
HOU2025-03456,747 TROY ST,2/28/2025,RE-INSPECTION,CLOSED,PES01,REINSPECTION REQUEST,1497944.992277801,652519.0025695562
HOU2025-03457,1401 LEONHARD ST,2/28/2025,RE-INSPECTION,CLOSED,PES01,REQUESTING REINSPECTION,1497706.998331219,652766.0079810619
HOU2025-03458,1301 LAMAR ST,2/28/2025,RE-INSPECTION,CLOSED,PES01,REQUESTING REINSPECTION,1497430.9936338812,653067.997862637
HOU2025-03464,2076 BELLEFONTAINE AVE,2/28/2025,RE-INSPECTION,CLOSED,PES01,REINSPECTION REQUEST,1501145.0006415546,653605.999083221
HOU2025-03465,311 BRANDT ST,2/28/2025,RE-INSPECTION,CLOSED,PES01,REQUESTING REINSPECTION,1501243.9928976446,653436.9981088936
HOU2025-03466,37 PAW PAW ST,2/28/2025,RE-INSPECTION,CLOSED,PES01,REINSPECTION REQUEST,1502324.9927041382,653819.0075154752
HOU2025-03468,224 HART ST,2/28/2025,RE-INSPECTION,CLOSED,PES01,REQUESTING REINSPECTION,1497426.995938465,651059.0081142336
HOU2025-03470,1044 DODGSON CT,2/28/2025,RE-INSPECTION,CLOSED,PES01,REINSPECTION REQUEST,1500509.0065067261,652398.0067485571
HOU2025-03476,202 GROVE AVE,2/28/2025,RE-INSPECTION,CLOSED,PES01,HOUSE STRUCTURE DETERIORATED,1498327.0016843826,652022.9933909774
HOU2025-03485,58 BALTIMORE ST,2/28/2025,CORRESPONDENCE /PHONE/EMAIL/IN,CLOSED,PES01,REINSPECTION REQUEST,1498956.9994401336,651560.9972677231
HOU2025-03486,1326 SCHAEFFER ST,2/28/2025,CORRESPONDENCE /PHONE/EMAIL/IN,CLOSED,PES01,OUTDOOR STORAGE,1497634.007663548,653217.993297562
HOU2025-03495,218 DEEDS AVE,2/28/2025,CORRESPONDENCE /PHONE/EMAIL/IN,CLOSED,PES01,HOUSE STRUCTURE DETERIORATED,1497187.0029801428,650529.0019563884
HOU2025-03499,224 HART ST,2/28/2025,CORRESPONDENCE /PHONE/EMAIL/IN,CLOSED,PES01,HOUSING INSPECTION GENERAL INFORMATION,1497426.995938465,651059.0081142336
HOU2025-03500,353 DELL ST,2/28/2025,CORRESPONDENCE /PHONE/EMAIL/IN,CLOSED,PES01,HOUSING INSPECTION GENERAL INFORMATION,1498260.0077238828,649836.0079355538
HOU2025-03501,142 DEEDS AVE,2/28/2025,CORRESPONDENCE /PHONE/EMAIL/IN,CLOSED,PES01,HOUSING INSPECTION GENERAL INFORMATION,1497163.9997453094,650280.9975311458
HOU2025-03538,306 BRANDT ST,2/28/2025,CORRESPONDENCE /PHONE/EMAIL/IN,CLOSED,PES01,HOUSING INSPECTION GENERAL INFORMATION,1501328.9930557162,653326.9960323125
HOU2025-03541,188 ALTON AVE,2/28/2025,WARNING NOTICE,OPEN,PES01,OUTDOOR STORAGE,1499302.9967796355,651794.993518889
HOU2025-03543,203 ALASKA ST,2/28/2025,CORRESPONDENCE /PHONE/EMAIL/IN,CLOSED,PES01,HOUSING INSPECTION GENERAL INFORMATION,1499506.9937469661,651931.9968538135
HOU2025-03582,39 MACREADY AVE,3/3/2025,CORRESPONDENCE /PHONE/EMAIL/IN,ACTIVE,PES01,HOUSING INSPECTION GENERAL INFORMATION,1500013.996669978,655148.9950129837
HOU2025-03606,209 DEEDS AVE,3/3/2025,RE-INSPECTION,CLOSED,PES01,REQUESTING REINSPECTION,1497080.998598978,650453.0621476471
HOU2025-03618,212 NOTRE DAME AVE,3/3/2025,RECHECK,ACTIVE,PES01,REINSPECTION REQUEST,1498754.0014865547,652835.0009533167
HOU2025-03624,304 ALASKA ST,3/3/2025,CORRESPONDENCE /PHONE/EMAIL/IN,CLOSED,PES01,HOUSING INSPECTION GENERAL INFORMATION,1499710.0081047267,652677.9930652231
HOU2025-03665,84 BALTIMORE ST,3/3/2025,WARNING NOTICE,OPEN,PES01,OUTDOOR STORAGE,1498974.0059678108,651784.9994443953
HOU2025-03681,108 MACREADY AVE,3/3/2025,CORRESPONDENCE /PHONE/EMAIL/IN,CLOSED,PES01,HOUSING INSPECTION GENERAL INFORMATION,1500092.0007790476,654949.9950828999
HOU2025-03765,120 MACREADY AVE,3/4/2025,CORRESPONDENCE /PHONE/EMAIL/IN,CLOSED,PES01,HOUSING INSPECTION GENERAL INFORMATION,1500188.9943514764,654884.000136137
HOU2025-03793,13 NAAS PL,3/4/2025,WARNING NOTICE,OPEN,PES01,OUTDOOR STORAGE,1500147.0019813925,651982.0006908029
HOU2025-03966,241 DEEDS AVE,3/6/2025,CORRESPONDENCE /PHONE/EMAIL/IN,ACTIVE,BAR04,ILLEGAL OCCUPANCY,1497106.9998593032,650738.9956308901
HOU2025-04078,531 BALTIMORE ST,3/10/2025,CORRESPONDENCE /PHONE/EMAIL/IN,CLOSED,PES01,WATER - NONE,1499047.9959772974,654084.0023923069
HOU2025-04164,158 BALTIMORE ST,3/11/2025,EMERGENCY REPAIR,OPEN,PES01,WATER - NONE,1499045.9972936362,652448.993851304
HOU2025-04180,212 NOTRE DAME AVE,3/11/2025,RECHECK,CLOSED,PES01,REINSPECTION REQUEST,1498754.0014865547,652835.0009533167
HOU2025-04181,317 DELL ST,3/11/2025,RECHECK,OPEN,PES01,REINSPECTION REQUEST,1497925.00380072,649882.9973428994
HOU2025-04183,317 DELL ST,3/11/2025,RECHECK,OPEN,PES01,REQUESTING REINSPECTION,1497925.00380072,649882.9973428994
HOU2025-04185,354 DEEDS AVE,3/11/2025,RECHECK,OPEN,PES01,REINSPECTION REQUEST,1497279.9985290617,651398.9923423976
HOU2025-04191,158 BALTIMORE ST,3/11/2025,CORRESPONDENCE /PHONE/EMAIL/IN,CLOSED,PES01,ELECTRIC - NONE,1499045.9972936362,652448.993851304
HOU2025-04200,158 BALTIMORE ST,3/11/2025,CORRESPONDENCE /PHONE/EMAIL/IN,CLOSED,PES01,REINSPECTION REQUEST,1499045.9972936362,652448.993851304
HOU2025-04203,158 BALTIMORE ST,3/11/2025,CORRESPONDENCE /PHONE/EMAIL/IN,CLOSED,PES01,WATER - NONE,1499045.9972936362,652448.993851304
HOU2025-04245,207 ALTON AVE,3/11/2025,WARNING NOTICE,OPEN,PES01,OUTDOOR STORAGE,1499196.9920703918,651990.9954234809
HOU2025-04250,2026 BICKMORE AVE,3/11/2025,WARNING NOTICE,OPEN,PES01,OUTDOOR STORAGE,1500914.0027439743,654057.0014620572
HOU2025-04251,515 BENTLEY ST,3/11/2025,WARNING NOTICE,OPEN,PES01,OUTDOOR STORAGE,1501243.9928976446,654091.9977831393
HOU2025-04268,158 BALTIMORE ST,3/12/2025,NOT VALID,CLOSED,PES01,OUTDOOR STORAGE,1499045.9972936362,652448.993851304
HOU2025-04302,158 BALTIMORE ST,3/12/2025,CORRESPONDENCE /PHONE/EMAIL/IN,CLOSED,PES01,WATER - NONE,1499045.9972936362,652448.993851304
HOU2025-04304,158 BALTIMORE ST,3/12/2025,CORRESPONDENCE /PHONE/EMAIL/IN,CLOSED,PES01,WATER - NONE,1499045.9972936362,652448.993851304
HOU2025-04307,158 BALTIMORE ST,3/12/2025,CORRESPONDENCE /PHONE/EMAIL/IN,CLOSED,PES01,NO UTILITIES,1499045.9972936362,652448.993851304
HOU2025-04411,177 GROVE AVE,3/13/2025,CORRESPONDENCE /PHONE/EMAIL/IN,CLOSED,PES01,HOUSING INSPECTION GENERAL INFORMATION,1498191.9976893067,651781.0017489791
HOU2025-04429,3711 LAKEBEND DR,3/13/2025,CORRESPONDENCE /PHONE/EMAIL/IN,CLOSED,PES01,RODENTS INSECTS,1502712.998489797,659160.994206816
HOU2025-04448,1322 SCHAEFFER ST,3/13/2025,CORRESPONDENCE /PHONE/EMAIL/IN,ACTIVE,PES01,OUTDOOR STORAGE,1497600.993950054,653222.007397145
HOU2025-04456,42 BALTIMORE ST,3/13/2025,CORRESPONDENCE /PHONE/EMAIL/IN,CLOSED,PES01,EXTERIOR STRUCTURE PROBLEMS/DETERIORATED,1498952.0020748079,651419.9965654761
HOU2025-04463,23 LIGHT ST,3/13/2025,CORRESPONDENCE /PHONE/EMAIL/IN,CLOSED,PES01,HOUSING INSPECTION GENERAL INFORMATION,1498002.9918337166,650083.9962847233
HOU2025-04479,1056 GERHARD ST,3/13/2025,CORRESPONDENCE /PHONE/EMAIL/IN,CLOSED,PES01,EXTERIOR INSPECTION,1500767.005334556,652841.9966742247
HOU2025-04501,1285 HARKER ST,3/14/2025,CORRESPONDENCE /PHONE/EMAIL/IN,CLOSED,PES01,HOUSING INSPECTION GENERAL INFORMATION,1498167.4380271435,654764.1841028035
HOU2025-04502,2057 BELLEFONTAINE AVE,3/14/2025,CORRESPONDENCE /PHONE/EMAIL/IN,CLOSED,PES01,HOUSING INSPECTION GENERAL INFORMATION,1500963.0072391331,653860.0002156496
HOU2025-04504,1546 CHAPEL ST,3/14/2025,CORRESPONDENCE /PHONE/EMAIL/IN,CLOSED,PES01,EXTERIOR INSPECTION,1498640.0017145574,650622.9968471378
HOU2025-04543,915 VALLEY ST,3/14/2025,CORRESPONDENCE /PHONE/EMAIL/IN,OPEN,PES01,OUTDOOR STORAGE,1500438.997788474,652144.0056161433
HOU2025-04561,1326 SCHAEFFER ST,3/14/2025,CORRESPONDENCE /PHONE/EMAIL/IN,CLOSED,PES01,TRASH IN YARD OR NEAR ALLEY,1497634.007663548,653217.993297562
HOU2025-04562,75 ALASKA ST,3/14/2025,CORRESPONDENCE /PHONE/EMAIL/IN,CLOSED,PES01,OUTDOOR STORAGE,1499457.0063141435,651426.9926144779
HOU2025-04608,177 GROVE AVE,3/17/2025,RE-INSPECTION,CLOSED,PES01,REINSPECTION REQUEST,1498191.9976893067,651781.0017489791
HOU2025-04609,1519 LEO ST,3/17/2025,RE-INSPECTION,CLOSED,PES01,REINSPECTION REQUEST,1498318.0069517195,653530.993327722
HOU2025-04611,1833 LEO ST,3/17/2025,RE-INSPECTION,CLOSED,PES01,REINSPECTION REQUEST,1499417.9958934635,653444.993499726
HOU2025-04613,1903 LEO ST,3/17/2025,RE-INSPECTION,CLOSED,PES01,REINSPECTION REQUEST,1499673.9960376322,653423.0063389838
HOU2025-04615,1907 LEO ST,3/17/2025,RE-INSPECTION,CLOSED,PES01,REINSPECTION REQUEST,1499707.9926888049,653424.0056808144
HOU2025-04617,140 KELLY AVE,3/17/2025,RE-INSPECTION,CLOSED,PES01,REINSPECTION REQUEST,1499922.0004628897,655424.0006965548
HOU2025-04619,1326 LAMAR ST,3/17/2025,RE-INSPECTION,CLOSED,PES01,REINSPECTION REQUEST,1497606.0073914677,652946.0023717284
HOU2025-04666,75 ALASKA ST,3/17/2025,RE-INSPECTION,CLOSED,PES01,REINSPECTION REQUEST,1499457.0063141435,651426.9926144779
HOU2025-04667,224 HART ST,3/17/2025,RE-INSPECTION,CLOSED,PES01,REINSPECTION REQUEST,1497426.995938465,651059.0081142336
HOU2025-04710,241 DEEDS AVE,3/18/2025,CORRESPONDENCE /PHONE/EMAIL/IN,ACTIVE,BAR04,RESIDENTIAL ZONING PROBLEMS,1497106.9998593032,650738.9956308901
HOU2025-04730,230 AIR ST,3/18/2025,WARNING NOTICE,OPEN,PES01,TRASH/DEBRIS ON PREMISES,1498130.000437975,650409.0054772198
HOU2025-04732,1109 SAINT ADALBERT AVE,3/18/2025,VLM/PUBLIC WORKS,CLOSED,PES01,EXTERIOR INSPECTION,1502876.003085047,653879.0057550669
HOU2025-04735,23 LIGHT ST,3/18/2025,BOARDING REQUESTED,OPEN,PES01,VACANT STRUCTURE - OPEN,1498002.9918337166,650083.9962847233
HOU2025-04736,21 LIGHT ST,3/18/2025,BOARDING REQUESTED,OPEN,PES01,VACANT STRUCTURE - OPEN,1497981.0043448806,650083.9962847233
HOU2025-04773,49 LIGHT ST,3/18/2025,RE-INSPECTION,CLOSED,PES01,REINSPECTION REQUEST,1498265.0047611445,650056.9953544736
HOU2025-04775,41 LIGHT ST,3/18/2025,RE-INSPECTION,CLOSED,PES01,REINSPECTION REQUEST,1498188.9993357211,650064.0078076422
HOU2025-04779,1614 LEONHARD ST,3/18/2025,RE-INSPECTION,CLOSED,PES01,REINSPECTION REQUEST,1498526.00194256,652653.0072228163
HOU2025-04781,1321 LEONHARD ST,3/18/2025,RE-INSPECTION,CLOSED,PES01,REQUESTING REINSPECTION,1497559.001908049,652781.9987627268
HOU2025-04858,1302 RAY ST,3/19/2025,RE-INSPECTION,CLOSED,PES01,REINSPECTION REQUEST,1497287.993919894,651621.9951772243
HOU2025-04860,26 MACREADY AVE,3/19/2025,RE-INSPECTION,CLOSED,PES01,REINSPECTION REQUEST,1499759.9955375493,655182.9919922203
HOU2025-04864,152 NOTRE DAME AVE,3/19/2025,NOT VALID,CLOSED,PES01,TRASH IN YARD OR NEAR ALLEY,1498699.0006123036,652433.0030696392
HOU2025-04947,420 MARYLAND AVE,3/20/2025,CORRESPONDENCE /PHONE/EMAIL/IN,CLOSED,PES01,OUTDOOR STORAGE,1497586.0025102198,651319.0056257248
HOU2025-04949,125 ALASKA ST,3/20/2025,WARNING NOTICE,OPEN,PES01,OUTDOOR STORAGE,1499480.9924866408,651676.9960514754
HOU2025-04955,211 MARYLAND AVE,3/20/2025,RE-INSPECTION,CLOSED,PES01,REQUESTING REINSPECTION,1497347.992159471,649997.9964567274
HOU2025-04956,324 MARYLAND AVE,3/20/2025,RE-INSPECTION,CLOSED,PES01,REQUESTING REINSPECTION,1497517.9924756438,650537.9966890663
HOU2025-04957,423 MARYLAND AVE,3/20/2025,RE-INSPECTION,CLOSED,PES01,REINSPECTION REQUEST,1497476.066050306,651351.036401555
HOU2025-04958,439 MARYLAND AVE,3/20/2025,RE-INSPECTION,CLOSED,PES01,REINSPECTION REQUEST,1497487.9935198873,651483.992500484
HOU2025-04959,521 MARYLAND AVE,3/20/2025,RE-INSPECTION,CLOSED,PES01,REINSPECTION REQUEST,1497527.0039405525,651879.9940050542
HOU2025-04960,551 MARYLAND AVE,3/20/2025,RE-INSPECTION,CLOSED,PES01,REINSPECTION REQUEST,1497546.9924176335,652116.005344063
HOU2025-04961,635 MARYLAND AVE,3/20/2025,RE-INSPECTION,CLOSED,PES01,REINSPECTION REQUEST,1497587.0021801442,652488.0042719841
HOU2025-04962,170 NOTRE DAME AVE,3/20/2025,RE-INSPECTION,CLOSED,PES01,REINSPECTION REQUEST,1498720.004835382,652578.0014673173
HOU2025-04965,224 NOTRE DAME AVE,3/20/2025,RE-INSPECTION,CLOSED,PES01,REINSPECTION REQUEST,1498758.9988518804,652933.992881313
HOU2025-04992,324 MARYLAND AVE,3/21/2025,CORRESPONDENCE /PHONE/EMAIL/IN,CLOSED,PES01,HOUSING INSPECTION GENERAL INFORMATION,1497517.9924756438,650537.9966890663
HOU2025-04994,42 BALTIMORE ST,3/21/2025,CORRESPONDENCE /PHONE/EMAIL/IN,CLOSED,PES01,HOUSING INSPECTION GENERAL INFORMATION,1498952.0020748079,651419.9965654761
HOU2025-05000,335 GROVE AVE,3/21/2025,CORRESPONDENCE /PHONE/EMAIL/IN,CLOSED,PES01,HOUSING INSPECTION GENERAL INFORMATION,1498312.9935103059,653040.9969323874
HOU2025-05021,211 MARYLAND AVE,3/21/2025,CORRESPONDENCE /PHONE/EMAIL/IN,CLOSED,PES01,HOUSING INSPECTION GENERAL INFORMATION,1497347.992159471,649997.9964567274
HOU2025-05049,324 MARYLAND AVE,3/21/2025,CORRESPONDENCE /PHONE/EMAIL/IN,CLOSED,PES01,HOUSING INSPECTION GENERAL INFORMATION,1497517.9924756438,650537.9966890663
HOU2025-05052,423 MARYLAND AVE,3/21/2025,CORRESPONDENCE /PHONE/EMAIL/IN,CLOSED,PES01,HOUSING INSPECTION GENERAL INFORMATION,1497476.066050306,651351.036401555
HOU2025-05090,39 MACREADY AVE,3/24/2025,RECHECK,CLOSED,JER01,JUNKED ABANDONED,1500013.996669978,655148.9950129837
HOU2025-05091,115 ALASKA ST,3/24/2025,RECHECK,CLOSED,JER01,TRASH IN YARD OR NEAR ALLEY,1499466.0010468066,651569.9923284799
HOU2025-05092,317 DELL ST,3/24/2025,RECHECK,CLOSED,JER01,TRASH/DEBRIS ON PREMISES,1497925.00380072,649882.9973428994
HOU2025-05138,1044 DODGSON CT,3/24/2025,CORRESPONDENCE /PHONE/EMAIL/IN,ACTIVE,SIM06,TRASH IN YARD OR NEAR ALLEY,1500509.0065067261,652398.0067485571
HOU2025-05198,2040 BELLEFONTAINE AVE,3/25/2025,SURVEY,CLOSED,BAS02,FIRE DAMAGED STRUCTURE,1500815.993425548,653779.99709481
HOU2025-05285,2149 BELLEFONTAINE AVE,3/25/2025,SURVEY,CLOSED,BAR04,REINSPECTION REQUEST,1501821.0045388937,653359.9933416396
HOU2025-05293,118 DEEDS AVE,3/25/2025,SURVEY,CLOSED,BAR04,REINSPECTION REQUEST,1497143.9951921403,650083.9962847233
HOU2025-05363,1432 VALLEY ST,3/25/2025,USE NUISANCE,ACTIVE,HAL04,Use Caution When Dealing With This Property,1502636.9930643886,653474.9927835613
HOU2025-05385,125 SEMLER ST,3/25/2025,POLICE/MEDIATION,ACTIVE,BAR04,DRUG HOUSE,1504554.0030098855,655092.9944688082
HOU2025-05460,1034 DODGSON CT,3/26/2025,SURVEY,OPEN,WAR12,FIRE DAMAGED STRUCTURE,1500424.0063486397,652435.0017533153
HOU2025-05729,1044 DODGSON CT,3/31/2025,RECHECK,CLOSED,PES01,REINSPECTION REQUEST,1500509.0065067261,652398.0067485571
HOU2025-05744,123 ALASKA ST,3/31/2025,RECHECK,CLOSED,PES01,REINSPECTION REQUEST,1499485.0065862238,651641.0003885627
HOU2025-05747,117 ALASKA ST,3/31/2025,CITATION,OPEN,PES01,OUTDOOR STORAGE,1499471.9977539778,651597.9926005602
HOU2025-05754,1815 WARNER AVE,3/31/2025,BOARDING REQUESTED,OPEN,PES01,VACANT STRUCTURE - OPEN,1499121.0030491352,651962.9951514006
HOU2025-05755,1815 WARNER AVE,3/31/2025,WARNING NOTICE,OPEN,PES01,OUTDOOR STORAGE,1499121.0030491352,651962.9951514006
HOU2025-05760,1042 DODGSON CT,3/31/2025,WARNING NOTICE,OPEN,PES01,OUTDOOR STORAGE,1500481.006234631,652408.0011511445
HOU2025-05787,244 AIR ST,3/31/2025,BOARDING REQUESTED,OPEN,PES01,VACANT STRUCTURE - OPEN,1498224.9949986339,650398.9949985594
HOU2025-05798,420 MARYLAND AVE,3/31/2025,CORRESPONDENCE /PHONE/EMAIL/IN,CLOSED,PES01,OUTDOOR STORAGE,1497586.0025102198,651319.0056257248
HOU2025-05900,2602 COMPTON ST,4/1/2025,CITATION,OPEN,PES01,OUTDOOR STORAGE,1502769.9983758032,653263.9994391501
HOU2025-05922,339 DEEDS AVE,4/1/2025,WARNING NOTICE,OPEN,PES01,OUTDOOR STORAGE,1497155.0050126314,651206.0051955581
HOU2025-05924,119 VALLEY ST,4/1/2025,RE-INSPECTION,OPEN,PES01,EXTERIOR STRUCTURE PROBLEMS/DETERIORATED,1497557.002896309,649146.9952059835
HOU2025-05937,2153 BELLEFONTAINE AVE,4/1/2025,RE-INSPECTION,CLOSED,PES01,REINSPECTION REQUEST,1501848.0051410496,653340.0048645586
HOU2025-05938,2602 COMPTON ST,4/1/2025,RE-INSPECTION,CLOSED,PES01,REINSPECTION REQUEST,1502769.9983758032,653263.9994391501
HOU2025-05940,337 DEEDS AVE,4/1/2025,RE-INSPECTION,CLOSED,PES01,REINSPECTION REQUEST,1497152.0066590607,651185.0009724796
HOU2025-05942,1306 RAY ST,4/1/2025,RE-INSPECTION,CLOSED,PES01,REINSPECTION REQUEST,1497319.9918873906,651617.9974818081
HOU2025-05943,1302 SCHAEFFER ST,4/1/2025,RE-INSPECTION,CLOSED,PES01,REINSPECTION REQUEST,1497448.999503389,653238.9975206405
HOU2025-05946,1330 SCHAEFFER ST,4/1/2025,RE-INSPECTION,CLOSED,PES01,REINSPECTION REQUEST,1497668.0046427995,653211.9965903908
HOU2025-05948,1020 SAINT ADALBERT AVE,4/1/2025,RE-INSPECTION,CLOSED,PES01,REINSPECTION REQUEST,1503108.9999943823,653542.0031482279
HOU2025-06032,528 TROY ST,4/2/2025,RE-INSPECTION,CLOSED,PES01,REQUESTING REINSPECTION,1497951.005389139,651365.9950330555
HOU2025-06034,2047 STEGMAN AVE,4/2/2025,RE-INSPECTION,CLOSED,PES01,REQUESTING REINSPECTION,1501027.003174141,653466.9973927289
HOU2025-06035,2019 STEGMAN AVE,4/2/2025,RE-INSPECTION,CLOSED,PES01,REINSPECTION REQUEST,1500740.0044043064,653605.999083221
HOU2025-06036,2011 STEGMAN AVE,4/2/2025,RE-INSPECTION,CLOSED,PES01,REINSPECTION REQUEST,1500667.9966742992,653605.999083221
HOU2025-06142,166 GROVE AVE,4/3/2025,BOARDING VERIFIED,OPEN,PES01,REINSPECTION REQUEST,1498303.9987776428,651682.9927586466
HOU2025-06143,23 MACREADY AVE,4/3/2025,WARNING NOTICE,OPEN,PES01,PARKING IN THE GRASS,1499752.9994885474,655320.9943408966
HOU2025-06150,309 NOTRE DAME AVE,4/3/2025,BOARDING REQUESTED,OPEN,PES01,VACANT STRUCTURE - OPEN,1498652.9941426367,653171.0038902313
HOU2025-06199,353 DELL ST,4/4/2025,CORRESPONDENCE /PHONE/EMAIL/IN,CLOSED,PES01,HOUSING INSPECTION GENERAL INFORMATION,1498260.0077238828,649836.0079355538
HOU2025-06205,2146 BELLEFONTAINE AVE,4/4/2025,CORRESPONDENCE /PHONE/EMAIL/IN,CLOSED,PES01,HOUSE STRUCTURE DETERIORATED,1501731.0070154667,653291.9997112304
HOU2025-06211,1306 RAY ST,4/4/2025,CORRESPONDENCE /PHONE/EMAIL/IN,CLOSED,PES01,HOUSING INSPECTION GENERAL INFORMATION,1497319.9918873906,651617.9974818081
HOU2025-06214,1614 LEONHARD ST,4/4/2025,CORRESPONDENCE /PHONE/EMAIL/IN,CLOSED,PES01,HOUSING INSPECTION GENERAL INFORMATION,1498526.00194256,652653.0072228163
HOU2025-06292,1330 SCHAEFFER ST,4/7/2025,CORRESPONDENCE /PHONE/EMAIL/IN,CLOSED,PES01,EXTERIOR STRUCTURE PROBLEMS/DETERIORATED,1497668.0046427995,653211.9965903908
HOU2025-06315,1246 HARKER ST,4/7/2025,CITATION,OPEN,PES01,OUTDOOR STORAGE,1498027.9937522262,654437.9951226413
HOU2025-06320,58 URBANA AVE,4/7/2025,RE-INSPECTION,CLOSED,PES01,REINSPECTION REQUEST,1502198.9998458922,654094.996136725
HOU2025-06323,1079 VALLEY ST,4/7/2025,RE-INSPECTION,CLOSED,PES01,REINSPECTION REQUEST,1501305.006883219,652780.9990928173
HOU2025-06325,1085 VALLEY ST,4/7/2025,RE-INSPECTION,CLOSED,PES01,REINSPECTION REQUEST,1501374.9991973042,652817.9940975606
HOU2025-06327,1101 VALLEY ST,4/7/2025,RE-INSPECTION,CLOSED,PES01,REQUESTING REINSPECTION,1501523.9952903837,652928.9958440661
HOU2025-06331,933 TROY ST,4/7/2025,RE-INSPECTION,CLOSED,PES01,REINSPECTION REQUEST,1498015.001324132,653312.0045924783
HOU2025-06335,925 TROY ST,4/7/2025,RE-INSPECTION,CLOSED,PES01,REINSPECTION REQUEST,1497996.9951265603,653196.005808726
HOU2025-06427,17 WOODSDALE RD,4/8/2025,RE-INSPECTION,CLOSED,PES01,REINSPECTION REQUEST,1501371.001501888,657577.0055768937
HOU2025-06522,124 VALLEYCREST DR,4/9/2025,BOARDING REQUESTED,OPEN,PES01,VACANT STRUCTURE - OPEN,1504329.0014913827,654971.998647809
HOU2025-06527,2013 VALLEY ST,4/9/2025,BOARDING REQUESTED,OPEN,PES01,VACANT STRUCTURE - OPEN,1505170.9919333905,654949.9950828999
HOU2025-06528,1837 VALLEY ST,4/9/2025,CORRESPONDENCE /PHONE/EMAIL/IN,CLOSED,PES01,HOUSING INSPECTION GENERAL INFORMATION,1504334.998198554,654354.993648231
HOU2025-06531,124 VALLEYCREST DR,4/9/2025,WARNING NOTICE,OPEN,PES01,OUTDOOR STORAGE,1504329.0014913827,654971.998647809
HOU2025-06532,409 VALLEYCREST DR,4/9/2025,RE-INSPECTION,CLOSED,PES01,REINSPECTION REQUEST,1504298.0031938106,656494.0067586452
HOU2025-06533,124 VALLEYCREST DR,4/9/2025,RE-INSPECTION,CLOSED,PES01,REINSPECTION REQUEST,1504329.0014913827,654971.998647809
HOU2025-06545,339 DEEDS AVE,4/9/2025,CORRESPONDENCE /PHONE/EMAIL/IN,CLOSED,PES01,HOUSING INSPECTION GENERAL INFORMATION,1497155.0050126314,651206.0051955581
HOU2025-06547,1614 LEONHARD ST,4/9/2025,CORRESPONDENCE /PHONE/EMAIL/IN,CLOSED,PES01,HOUSING INSPECTION GENERAL INFORMATION,1498526.00194256,652653.0072228163
HOU2025-06548,320 NOTRE DAME AVE,4/9/2025,CORRESPONDENCE /PHONE/EMAIL/IN,CLOSED,PES01,HOUSING INSPECTION GENERAL INFORMATION,1498792.995503053,653268.9964763969
HOU2025-06671,2033 VALLEY ST,4/10/2025,RE-INSPECTION,CLOSED,PES01,REINSPECTION REQUEST,1505479.9939400554,655216.0057057291
HOU2025-06678,1420 VALLEY ST,4/10/2025,RE-INSPECTION,CLOSED,PES01,REQUESTING REINSPECTION,1502540.999489978,653422.0066690594
HOU2025-06898,117 ALASKA ST,4/14/2025,RECHECK,OPEN,PES01,REINSPECTION REQUEST,1499471.9977539778,651597.9926005602
HOU2025-06899,2602 COMPTON ST,4/14/2025,RECHECK,OPEN,PES01,REINSPECTION REQUEST,1502769.9983758032,653263.9994391501
HOU2025-06900,108 MACREADY AVE,4/14/2025,RECHECK,OPEN,PES01,REINSPECTION REQUEST,1500092.0007790476,654949.9950828999
HOU2025-07238,20 URBANA AVE,4/17/2025,CORRESPONDENCE /PHONE/EMAIL/IN,CLOSED,PES01,HOUSING INSPECTION GENERAL INFORMATION,1501992.0041968822,653775.9993993938
HOU2025-07239,933 TROY ST,4/17/2025,CORRESPONDENCE /PHONE/EMAIL/IN,CLOSED,PES01,HOUSING INSPECTION GENERAL INFORMATION,1498015.001324132,653312.0045924783
HOU2025-07240,1420 VALLEY ST,4/17/2025,CORRESPONDENCE /PHONE/EMAIL/IN,CLOSED,PES01,HOUSING INSPECTION GENERAL INFORMATION,1502540.999489978,653422.0066690594
HOU2025-07241,1217 VALLEY ST,4/17/2025,CORRESPONDENCE /PHONE/EMAIL/IN,CLOSED,PES01,HOUSING INSPECTION GENERAL INFORMATION,1501886.999157548,653145.002629891
HOU2025-07250,211 MARYLAND AVE,4/17/2025,CORRESPONDENCE /PHONE/EMAIL/IN,CLOSED,PES01,HOUSING INSPECTION GENERAL INFORMATION,1497347.992159471,649997.9964567274
HOU2025-07358,22 URBANA AVE,4/21/2025,CITATION,OPEN,PES01,OUTDOOR STORAGE,1502022.0034807175,653814.9934158921
HOU2025-07380,1432 VALLEY ST,4/21/2025,BOARDING REQUESTED,CLOSED,PES01,VACANT STRUCTURE - OPEN,1502636.9930643886,653474.9927835613
HOU2025-07383,1432 VALLEY ST,4/21/2025,BOARDING VERIFIED,CLOSED,PES01,VACANT STRUCTURE - OPEN,1502636.9930643886,653474.9927835613
HOU2025-07501,614 TROY ST,4/22/2025,NEW,ACTIVE,PES01,STRUCTURAL NUISANCE,1497979.0056612194,651737.9936328977
HOU2025-07503,1815 WARNER AVE,4/22/2025,CITATION,OPEN,PES01,OUTDOOR STORAGE,1499121.0030491352,651962.9951514006
HOU2025-07506,"239 VALLEY ST DAYTON, OH 45404-1838",4/22/2025,CITATION,OPEN,PES01,OUTDOOR STORAGE,1499121.0030491352,651962.9951514006
HOU2025-07637,121 RITA ST,4/24/2025,CORRESPONDENCE /PHONE/EMAIL/IN,CLOSED,JER01,HOUSING INSPECTION GENERAL INFORMATION,1499864.001235053,652069.999202475
HOU2025-07695,121 RITA ST,4/24/2025,CITATION,OPEN,PES01,OUTDOOR STORAGE,1499864.001235053,652069.999202475
HOU2025-07704,215 EDMUND ST,4/24/2025,NOT VALID,CLOSED,PES01,TRASH/DEBRIS ON PREMISES,1497766.9965708107,652184.9983163029
HOU2025-07760,1352 SAINT ADALBERT AVE,4/25/2025,CORRESPONDENCE /PHONE/EMAIL/IN,CLOSED,PES01,HOUSING INSPECTION GENERAL INFORMATION,1502317.9966551363,654816.0068338066
HOU2025-07762,817 TROY ST,4/25/2025,CORRESPONDENCE /PHONE/EMAIL/IN,CLOSED,PES01,HOUSING INSPECTION GENERAL INFORMATION,1497965.9968289733,652863.001225397
HOU2025-07771,420 MARYLAND AVE,4/25/2025,CORRESPONDENCE /PHONE/EMAIL/IN,CLOSED,PES01,HOUSING INSPECTION GENERAL INFORMATION,1497586.0025102198,651319.0056257248
HOU2025-07772,240 ALASKA ST,4/25/2025,CORRESPONDENCE /PHONE/EMAIL/IN,CLOSED,PES01,HOUSING INSPECTION GENERAL INFORMATION,1499671.9970258921,652255.0073626488
HOU2025-07923,1246 HARKER ST,4/28/2025,RECHECK,OPEN,PES01,REINSPECTION REQUEST,1498027.9937522262,654437.9951226413
HOU2025-07928,18 WOODSDALE RD,4/28/2025,RECHECK,OPEN,PES01,REINSPECTION REQUEST,1501363.0061110556,657448.9973027259
HOU2025-07931,2602 COMPTON ST,4/28/2025,RECHECK,CLOSED,PES01,REQUESTING REINSPECTION,1502769.9983758032,653263.9994391501
HOU2025-07973,614 TROY ST,4/28/2025,BOARDING VERIFIED,CLOSED,PES01,REINSPECTION REQUEST,1497979.0056612194,651737.9936328977
HOU2025-08187,100 ALTON AVE,4/29/2025,CORRESPONDENCE /PHONE/EMAIL/IN,CLOSED,PES01,ILLEGAL REPAIRS,1499209.0015608072,650983.0026888102
HOU2025-08495,124 VALLEYCREST DR,5/2/2025,CORRESPONDENCE /PHONE/EMAIL/IN,CLOSED,PES01,HOUSING INSPECTION GENERAL INFORMATION,1504329.0014913827,654971.998647809
HOU2025-08572,125 SEMLER ST,5/2/2025,CORRESPONDENCE /PHONE/EMAIL/IN,CLOSED,PES01,HOUSING INSPECTION GENERAL INFORMATION,1504554.0030098855,655092.9944688082
HOU2025-08573,1402 SCHAEFFER ST,5/2/2025,WARNING NOTICE,OPEN,PES01,OUTDOOR STORAGE,1497754.0041427165,653202.0025158972
HOU2025-08574,125 SEMLER ST,5/2/2025,CORRESPONDENCE /PHONE/EMAIL/IN,CLOSED,PES01,HOUSING INSPECTION GENERAL INFORMATION,1504554.0030098855,655092.9944688082
HOU2025-08575,125 SEMLER ST,5/2/2025,NEW,ACTIVE,PES01,HOUSING INSPECTION GENERAL INFORMATION,1504554.0030098855,655092.9944688082
HOU2025-08577,121 RITA ST,5/2/2025,CORRESPONDENCE /PHONE/EMAIL/IN,CLOSED,PES01,HOUSING INSPECTION GENERAL INFORMATION,1499864.001235053,652069.999202475
HOU2025-08654,121 RITA ST,5/5/2025,RECHECK,OPEN,PES01,REINSPECTION REQUEST,1499864.001235053,652069.999202475
HOU2025-08656,1815 WARNER AVE,5/5/2025,RECHECK,CLOSED,PES01,REINSPECTION REQUEST,1499121.0030491352,651962.9951514006
HOU2025-08675,614 TROY ST,5/5/2025,RECHECK,OPEN,PES01,REQUESTING REINSPECTION,1497979.0056612194,651737.9936328977
HOU2025-08677,108 MACREADY AVE,5/5/2025,RECHECK,OPEN,PES01,REQUESTING REINSPECTION,1500092.0007790476,654949.9950828999
HOU2025-08678,22 URBANA AVE,5/5/2025,RECHECK,OPEN,PES01,REINSPECTION REQUEST,1502022.0034807175,653814.9934158921
